draft,final,count
—,",",18
honor,honour,12
",",<deleted>,10
behavior,behaviour,4
—,<deleted>,4
!,.,3
unwavering,<deleted>,3
our,your,3
was,am,2
profound,great,2
and,",",2
realize,realise,2
",",and,2
",",.,2
inspire,inspires,2
learn,hear,2
and,<deleted>,2
—,and,2
cozy,cosy,2
all,<deleted>,2
been,<deleted>,2
you,your,2
in triumph,through sickness,1
trial,health,1
you,<deleted>,1
heartfelt,lots of,1
forged,which started,1
impromptu,funny,1
ten,fifteen,1
summer,music,1
decade,years,1
favorite,favourite,1
chatted,talked,1
afternoon,morning,1
halls,walls,1
burger,bunny chow,1
far,<deleted>,1
",",and naughtiness,1
last week,yesterday,1
share a,just probably,1
heartfelt,heart,1
lifting,brightening,1
spirits,days,1
cozy,comfortable,1
busy,occupied,1
teaches,has tought,1
"pause ,",be calm,1
—,", and",1
frustration,pain,1
six,three,1
incredibly,very,1
jeopardizing that,all,1
door,home,1
always open,your home,1
to remind,for,1
storm,stormy,1
found,love you,1
home,love,1
mountain,sweet,1
confidant,home,1
home,world,1
you,i,1
enhance my,at your,1
well,are good,1
i've,i have,1
loved one's,grandma's,1
they,she,1
their,her,1
humor,humour,1
them,her,1
chores,",",1
in,of,1
apartment,home,1
saturday mornings,everyday,1
warmth,care,1
"there ,",friend .,1
constantly,very,1
hey there,regards,1
best wishes,hello ben,1
how much,that,1
that,<deleted>,1
hello,hi daisy,1
me,you,1
i,you,1
my,your,1
we,you,1
always,forever,1
.,<deleted>,1
troubleshoot,troubleshooting,1
honored,honoured,1
merge,cross,1
partnership,relationship,1
challenge,challenging,1
make,made,1
deed,actions,1
when,as,1
unwavering grace,unconditional,1
my,there to,1
answered,helped me,1
profound gratitude,much appreciation,1
grateful child,daughter,1
spark,connection,1
storm,other,1
lift,show,1
reservation,limits,1
;,", because",1
unbreakable,undeniable,1
forevermore,forever,1
hi there,cheers,1
hilarious,funny,1
coffee shop,school,1
used,went,1
visit,<deleted>,1
the world,a lot,1
cheers,hey,1
into,to be,1
embark on,go into,1
worth,faith,1
—,", from",1
and,to,1
fortunate,very lucky,1
presence,mentor,1
believe,am certain,1
everyone,b,1
tweak,<deleted>,1
true,<deleted>,1
path forward,future,1
dear,<deleted>,1
void,vaccum,1
can never,can't,1
alive,fresh,1
friend,sir,1
simply,<deleted>,1
might hold,holds,1
hear,know,1
;,as,1
love,happiness,1
dear megan,hey meg,1
rover's passing,rover,1
day,time,1
rover,him,1
your,the,1
want,wanted,1
neighborhood,area,1
joy,radiance,1
you were,annie was,1
watching,the way,1
professionalism,elegance,1
dad,mom,1
reconnect soon,get together,1
one,<deleted>,1
you need,you're ready,1
open up,talk,1
dear friend,hey man,1
loss,dad,1
handing,handed,1
nudging,telling,1
celebrating,<deleted>,1
the holidays,i,1
us,me,1
my,the,1
traveled,travelled,1
swooning over,amazed by,1
traveler,traveller,1
celebrate,celebration for,1
",",samantha,1
hello,hiya,1
obsessively,<deleted>,1
like,request you,1
san francisco,tokyo,1
has,hasn't,1
love,like us,1
friends,simple,1
regret,apologize for,1
in,<deleted>,1
—,(,1
—,),1
her,the,1
warmth,warm heart,1
our hearts,my heart,1
"emma ,",vision,1
surprised,plugged,1
for,with,1
meeting reignited,started,1
so long,forever,1
recently,just,1
just,<deleted>,1
front,the middle,1
humming,playing,1
goofy tunes,dumb songs,1
take care,love ya,1
watching,then,1
clean up,cleaned,1
a single,one,1
i feel,i'm,1
thank you,thanks,1
with,<deleted>,1
and gratitude,you forever,1
best friend,bestie,1
i choose,i'm choosing,1
