,prof_em_dash_removed,prof_contraction_added,prof_shortened,prof_lengthened,prof_ai_word_removed,prof_simplified_words,prof_first_person_added,prof_exclamation_added,prof_punctuation_changed,prof_rewritten,prof_deleted,prof_edit_rate
03acc614-1708-42a6-b142-9ef7a0f0ce4e,0.0,0.0,0.021739130434782608,0.043478260869565216,0.0,0.0,0.021739130434782608,0.0,0.0,0.0,0.0,0.08695652173913043
06285a67-fbc5-4673-9f1b-3e20aff3562f,0.024390243902439025,0.0,0.024390243902439025,0.0,0.024390243902439025,0.0,0.024390243902439025,0.0,0.07317073170731707,0.024390243902439025,0.0,0.07317073170731707
0a303467-79b1-4641-9591-8c3a36f50413,0.02631578947368421,0.0,0.0,0.05263157894736842,0.02631578947368421,0.05263157894736842,0.0,0.0,0.05263157894736842,0.0,0.0,0.05263157894736842
0c529ac4-63ef-47e4-a8be-91a12f63242d,0.0,0.0,0.0,0.023255813953488372,0.0,0.0,0.0,0.0,0.023255813953488372,0.0,0.0,0.023255813953488372
0d91417f-a097-424f-bf12-77b98654c26c,0.0,0.0,0.0,0.046511627906976744,0.0,0.0,0.023255813953488372,0.0,0.023255813953488372,0.023255813953488372,0.023255813953488372,0.09302325581395349
0e4ed97b-533a-4c35-9268-2610361186c3,0.0,0.0,0.0,0.025,0.025,0.025,0.0,0.0,0.0,0.0,0.025,0.1
1460c925-65dc-4f85-9bee-a3029020dd78,0.0,0.0,0.024390243902439025,0.024390243902439025,0.0,0.0,0.0,0.0,0.024390243902439025,0.0,0.0,0.04878048780487805
16e11b3b-7143-40ed-ba2c-c94e96d5be86,0.0,0.0,0.0,0.09523809523809523,0.023809523809523808,0.07142857142857142,0.047619047619047616,0.0,0.09523809523809523,0.023809523809523808,0.0,0.09523809523809523
1a25aba9-d542-49a4-94df-900c081551b6,0.025,0.0,0.0,0.075,0.025,0.0,0.0,0.0,0.05,0.0,0.0,0.1
1a6bc3bd-868e-47cf-970d-67cf7d516465,0.0,0.0,0.0,0.13513513513513514,0.02702702702702703,0.02702702702702703,0.02702702702702703,0.0,0.08108108108108109,0.0,0.0,0.16216216216216217
1b97dea3-013d-476c-96a6-49d2960c7c99,0.0,0.0,0.0,0.0,0.0,0.0,0.0,0.0,0.0,0.0,0.0,0.023809523809523808
1f506d3f-b34d-4657-9820-ef232904554d,0.024390243902439025,0.0,0.0,0.0,0.024390243902439025,0.024390243902439025,0.0,0.0,0.0975609756097561,0.0,0.024390243902439025,0.07317073170731707
21d20b0e-b89e-42a8-b0bb-cb8b2d2e35df,0.05128205128205128,0.0,0.02564102564102564,0.0,0.02564102564102564,0.02564102564102564,0.0,0.0,0.1282051282051282,0.0,0.0,0.05128205128205128
28bc03dc-f524-4a10-b9aa-4368bd13df42,0.0,0.0,0.0,0.0,0.0,0.0,0.0,0.0,0.0,0.0,0.0,0.0
2af273f2-bea4-4638-9cd7-4a8d3a0b8f26,0.0,0.0,0.0,0.022727272727272728,0.06818181818181818,0.09090909090909091,0.0,0.0,0.09090909090909091,0.0,0.0,0.06818181818181818
32a9cad7-5b1c-480f-832c-1cedb782d226,0.0,0.0,0.0,0.023255813953488372,0.0,0.0,0.0,0.0,0.023255813953488372,0.0,0.0,0.023255813953488372
354ff2f3-d1e5-40ee-9b32-f1c81c5d4df5,0.0,0.05405405405405406,0.05405405405405406,0.08108108108108109,0.05405405405405406,0.05405405405405406,0.10810810810810811,0.0,0.10810810810810811,0.05405405405405406,0.16216216216216217,0.43243243243243246
357b9f78-df87-4775-a67e-9a41bebbc02f,0.0,0.0,0.08695652173913043,0.10869565217391304,0.043478260869565216,0.10869565217391304,0.021739130434782608,0.0,0.10869565217391304,0.021739130434782608,0.13043478260869565,0.34782608695652173
36f7c04d-9eb6-41fa-ae60-a6ad6fa1c429,0.0,0.0,0.023255813953488372,0.0,0.023255813953488372,0.0,0.0,0.0,0.09302325581395349,0.0,0.0,0.023255813953488372
379876ef-ea66-4914-90c7-052d13ad9036,0.0,0.0,0.0,0.022727272727272728,0.022727272727272728,0.045454545454545456,0.022727272727272728,0.0,0.09090909090909091,0.0,0.0,0.11363636363636363
417a64ff-e3b5-45c1-a926-83e8b3897840,0.022222222222222223,0.0,0.0,0.022222222222222223,0.022222222222222223,0.044444444444444446,0.0,0.0,0.044444444444444446,0.022222222222222223,0.0,0.022222222222222223
47936247-3b3b-4aec-a540-0199ded5b35f,0.0,0.0,0.041666666666666664,0.08333333333333333,0.020833333333333332,0.020833333333333332,0.020833333333333332,0.0,0.08333333333333333,0.10416666666666667,0.3333333333333333,0.5416666666666666
4cc3c761-a0ef-4a7d-b572-f933d9f34d7e,0.0,0.030303030303030304,0.0,0.06060606060606061,0.12121212121212122,0.0,0.06060606060606061,0.0,0.0,0.0,0.30303030303030304,0.5454545454545454
4d13e808-d845-407b-8891-abc4bbd755a3,0.0,0.0,0.0,0.06976744186046512,0.0,0.046511627906976744,0.023255813953488372,0.0,0.023255813953488372,0.0,0.0,0.06976744186046512
54b36269-e8c7-475b-8d5c-8d028a523f32,0.024390243902439025,0.0,0.0,0.0,0.04878048780487805,0.024390243902439025,0.0,0.0,0.04878048780487805,0.0,0.0,0.0
572392a4-224e-4261-ad20-1c06fabc9220,0.0,0.0,0.0,0.0,0.0,0.0,0.0,0.0,0.0,0.0,0.0,0.0
57f6eb08-1334-4d1d-b32e-7ead2fae69b5,0.02631578947368421,0.0,0.0,0.02631578947368421,0.05263157894736842,0.0,0.02631578947368421,0.0,0.02631578947368421,0.0,0.0,0.02631578947368421
58a194df-223f-48a6-b63e-6dd56c0f2b57,0.0,0.0,0.26666666666666666,0.08888888888888889,0.2,0.2222222222222222,0.1111111111111111,0.0,0.3111111111111111,0.24444444444444444,0.2222222222222222,0.7777777777777778
5ebe55d9-ec28-4e1f-bba3-3e309275a847,0.0,0.0,0.0,0.03125,0.0,0.0,0.03125,0.0,0.0,0.0,0.1875,0.21875
6003984f-f1dd-4a12-a9fb-e0031f48832d,0.07142857142857142,0.0,0.023809523809523808,0.047619047619047616,0.0,0.023809523809523808,0.023809523809523808,0.0,0.11904761904761904,0.023809523809523808,0.0,0.07142857142857142
601a6b65-1891-482f-ba3c-46db6c722f4a,0.10869565217391304,0.0,0.15217391304347827,0.021739130434782608,0.10869565217391304,0.08695652173913043,0.0,0.0,0.10869565217391304,0.0,0.043478260869565216,0.32608695652173914
633b5061-eafb-439d-acc4-be045cbf249b,0.047619047619047616,0.14285714285714285,0.047619047619047616,0.07142857142857142,0.07142857142857142,0.07142857142857142,0.07142857142857142,0.0,0.047619047619047616,0.09523809523809523,0.6666666666666666,0.9523809523809523
6998773e-d1b4-4b6d-ac29-f75d132ecb89,0.06818181818181818,0.0,0.0,0.022727272727272728,0.0,0.0,0.0,0.0,0.045454545454545456,0.0,0.0,0.022727272727272728
6c6c9fd2-8452-4e83-975b-1b6a489f13eb,0.0,0.0,0.0,0.0,0.0,0.0,0.0,0.0,0.0,0.0,0.0,0.022727272727272728
6c9db161-b8da-48f4-a9ba-f740f5ab9d93,0.0,0.0,0.0,0.0,0.02127659574468085,0.0,0.0,0.0,0.02127659574468085,0.0,0.0,0.0
702965f6-e3c0-4fd0-beab-2b57d2e90797,0.07692307692307693,0.0,0.07692307692307693,0.10256410256410256,0.07692307692307693,0.10256410256410256,0.02564102564102564,0.0,0.3076923076923077,0.07692307692307693,0.48717948717948717,0.9230769230769231
70d867de-7bf1-479e-b0df-f2791efc2269,0.0,0.0,0.0,0.0,0.0,0.0,0.0,0.0,0.0,0.0,0.02631578947368421,0.02631578947368421
79e9c336-6d58-4da1-a022-64dc69586c6e,0.0,0.044444444444444446,0.15555555555555556,0.2222222222222222,0.08888888888888889,0.17777777777777778,0.17777777777777778,0.022222222222222223,0.2222222222222222,0.24444444444444444,0.24444444444444444,0.8444444444444444
7e876183-c6fa-4de5-b0b3-4e06019dc486,0.0,0.0,0.0,0.0,0.0,0.0,0.0,0.0,0.0,0.0,0.045454545454545456,0.045454545454545456
87c461ed-6bbd-4205-b25a-1d517a9a16e5,0.0,0.0,0.0,0.0,0.0,0.0,0.0,0.0,0.0,0.0,0.0,0.0
8891e9bd-553c-4445-8692-af9aa1df345b,0.0,0.0,0.0,0.04878048780487805,0.024390243902439025,0.024390243902439025,0.024390243902439025,0.0,0.024390243902439025,0.0,0.04878048780487805,0.14634146341463414
8ae99e0d-dea4-4a4b-accb-1145d983f09a,0.0,0.0,0.02127659574468085,0.0,0.02127659574468085,0.0,0.0,0.0,0.02127659574468085,0.0,0.0,0.02127659574468085
8ba8d7da-bbcf-44c8-8887-d6b083446deb,0.0,0.0,0.0,0.047619047619047616,0.0,0.023809523809523808,0.0,0.0,0.023809523809523808,0.0,0.047619047619047616,0.09523809523809523
8c1d839b-8bda-45bf-a466-1ecd1270be13,0.0,0.0,0.05128205128205128,0.0,0.02564102564102564,0.05128205128205128,0.02564102564102564,0.0,0.07692307692307693,0.05128205128205128,0.46153846153846156,0.6153846153846154
93919296-449e-4498-9198-8f21282f387e,0.0,0.0,0.0,0.0,0.0,0.0,0.0,0.0,0.02564102564102564,0.0,0.0,0.0
93d4e6ef-1df0-4690-a934-51f2ff067a1f,0.0,0.0,0.0,0.0,0.0,0.0,0.0,0.0,0.0,0.0,0.0,0.0
946ad540-3b18-4f52-96e9-9134d4ec9878,0.06976744186046512,0.06976744186046512,0.046511627906976744,0.18604651162790697,0.09302325581395349,0.11627906976744186,0.046511627906976744,0.046511627906976744,0.18604651162790697,0.09302325581395349,0.13953488372093023,0.4186046511627907
9473c36d-e078-4a5b-a106-a4de719f1c1b,0.0,0.0,0.0,0.0,0.05405405405405406,0.02702702702702703,0.05405405405405406,0.0,0.02702702702702703,0.02702702702702703,0.05405405405405406,0.13513513513513514
95648190-a022-43f7-a299-7d7c22e55289,0.0,0.023809523809523808,0.07142857142857142,0.07142857142857142,0.07142857142857142,0.09523809523809523,0.047619047619047616,0.023809523809523808,0.07142857142857142,0.023809523809523808,0.4523809523809524,0.6904761904761905
99d7de62-94ed-4cc5-99bf-dbb5974df705,0.06818181818181818,0.06818181818181818,0.29545454545454547,0.022727272727272728,0.18181818181818182,0.22727272727272727,0.09090909090909091,0.022727272727272728,0.3181818181818182,0.45454545454545453,0.3409090909090909,0.9318181818181818
9c117e71-7c5a-42b2-8767-9a3cbedc17d9,0.0,0.046511627906976744,0.0,0.0,0.023255813953488372,0.046511627906976744,0.023255813953488372,0.0,0.023255813953488372,0.0,0.0,0.2558139534883721
9d164220-c497-48ff-8497-55c050213e55,0.0,0.0,0.02127659574468085,0.0425531914893617,0.0425531914893617,0.10638297872340426,0.02127659574468085,0.0,0.0,0.02127659574468085,0.0425531914893617,0.1702127659574468
a03e9b46-d5c1-401e-ba35-3746d2880c76,0.0,0.05263157894736842,0.02631578947368421,0.10526315789473684,0.0,0.02631578947368421,0.02631578947368421,0.0,0.0,0.02631578947368421,0.13157894736842105,0.34210526315789475
a1a47852-cad9-495d-a871-6797dc780d4f,0.0,0.0,0.0,0.125,0.0625,0.08333333333333333,0.08333333333333333,0.0,0.020833333333333332,0.0,0.0625,0.3125
a65fbf73-ac73-4c89-8477-fe2768a27dd5,0.0,0.0,0.0,0.0,0.0,0.0,0.0,0.0,0.02564102564102564,0.0,0.0,0.0
a66edf01-fecd-4939-a982-b7c6684d7a29,0.02127659574468085,0.0,0.0,0.0,0.0,0.0,0.0,0.0,0.02127659574468085,0.0,0.0,0.02127659574468085
ad73f9f4-5813-4fcc-b875-4ccc998f95b7,0.0,0.0,0.044444444444444446,0.0,0.0,0.044444444444444446,0.0,0.0,0.044444444444444446,0.0,0.0,0.044444444444444446
b417dba7-2b67-4496-b985-fc67c15aa748,0.023809523809523808,0.07142857142857142,0.023809523809523808,0.07142857142857142,0.0,0.09523809523809523,0.047619047619047616,0.0,0.07142857142857142,0.023809523809523808,0.11904761904761904,0.38095238095238093
bcf3699f-b36e-4652-a117-7e1de296c0f3,0.0851063829787234,0.0,0.0425531914893617,0.06382978723404255,0.0,0.19148936170212766,0.0425531914893617,0.0,0.10638297872340426,0.02127659574468085,0.0,0.23404255319148937
c457e22c-d7ad-4ba6-a5eb-457b445a6415,0.0,0.0,0.0,0.06521739130434782,0.13043478260869565,0.06521739130434782,0.043478260869565216,0.021739130434782608,0.043478260869565216,0.043478260869565216,0.021739130434782608,0.2826086956521739
c558e2d5-8448-41bb-9b4d-279a0ac50263,0.0,0.04878048780487805,0.07317073170731707,0.04878048780487805,0.0975609756097561,0.12195121951219512,0.04878048780487805,0.0,0.04878048780487805,0.04878048780487805,0.3170731707317073,0.6341463414634146
c649bdf1-c479-449c-91bb-eb0986daa185,0.0,0.0,0.0,0.043478260869565216,0.021739130434782608,0.0,0.08695652173913043,0.0,0.043478260869565216,0.0,0.021739130434782608,0.08695652173913043
c95c8274-9889-4d96-b769-5af9729da064,0.0,0.022222222222222223,0.044444444444444446,0.08888888888888889,0.044444444444444446,0.08888888888888889,0.1111111111111111,0.0,0.13333333333333333,0.044444444444444446,0.35555555555555557,0.6
c9afe4ed-b46e-4919-a89b-9c3639640775,0.07317073170731707,0.0,0.0,0.024390243902439025,0.0,0.04878048780487805,0.0,0.0,0.024390243902439025,0.0,0.024390243902439025,0.07317073170731707
cb6b9158-75df-42e4-92ac-d2e2d03e66a7,0.0,0.0,0.0,0.0,0.0,0.0,0.0,0.0,0.02631578947368421,0.0,0.0,0.02631578947368421
d1850bd6-2dc4-4a79-9b27-da09d1ccb338,0.044444444444444446,0.0,0.0,0.044444444444444446,0.06666666666666667,0.022222222222222223,0.0,0.0,0.022222222222222223,0.0,0.0,0.08888888888888889
d1df814b-04d7-45ef-afa9-19333672b460,0.0,0.0,0.0,0.0,0.0,0.0,0.0,0.0,0.0,0.0,0.0,0.0
df299e8f-5085-44ff-95c9-6de38dbb72a4,0.0,0.0,0.0,0.0,0.0,0.02564102564102564,0.0,0.0,0.0,0.0,0.0,0.0
e04e957f-4182-4050-8a59-10c546f3c4be,0.045454545454545456,0.022727272727272728,0.06818181818181818,0.0,0.09090909090909091,0.06818181818181818,0.0,0.0,0.06818181818181818,0.022727272727272728,0.20454545454545456,0.45454545454545453
e181c353-09f4-402b-b7e5-c62f87df85f5,0.061224489795918366,0.0,0.02040816326530612,0.061224489795918366,0.0,0.02040816326530612,0.04081632653061224,0.0,0.10204081632653061,0.061224489795918366,0.0,0.10204081632653061
e796692a-297a-495e-a059-f32263c2c073,0.0,0.0,0.0,0.23809523809523808,0.0,0.047619047619047616,0.14285714285714285,0.0,0.07142857142857142,0.047619047619047616,0.047619047619047616,0.2857142857142857
e914a063-af74-4e82-9fae-a27aa34cf284,0.0,0.0,0.0,0.0,0.0,0.0,0.0,0.0,0.0,0.0,0.0,0.0
e9c4bc43-6f2f-4b3f-8ab0-f20947fd04f9,0.02564102564102564,0.07692307692307693,0.0,0.05128205128205128,0.1282051282051282,0.05128205128205128,0.07692307692307693,0.07692307692307693,0.07692307692307693,0.05128205128205128,0.10256410256410256,0.3333333333333333
ec874e47-e1e7-400a-b8c2-057063b54e63,0.0,0.046511627906976744,0.06976744186046512,0.0,0.023255813953488372,0.11627906976744186,0.046511627906976744,0.0,0.11627906976744186,0.13953488372093023,0.046511627906976744,0.20930232558139536
edb2f8e7-ab70-4257-8246-bf4352832807,0.025,0.0,0.0,0.025,0.025,0.125,0.0,0.0,0.025,0.0,0.025,0.2
f34cb204-36d3-4051-9ae0-0969882d1cda,0.0,0.0,0.0,0.0,0.0,0.0,0.0,0.0,0.0,0.0,0.0,0.0
f35a5d38-18e0-4c01-8a53-13fc23a63680,0.0,0.0,0.0,0.0,0.022727272727272728,0.022727272727272728,0.0,0.0,0.0,0.0,0.0,0.022727272727272728
f5d09877-f461-4169-a291-79c17218071d,0.0,0.0,0.0,0.0975609756097561,0.0,0.04878048780487805,0.0,0.0,0.0,0.0,0.0,0.0975609756097561
f7e55f3c-94b2-4e45-b8c2-e0ef967715ae,0.0,0.0,0.02,0.08,0.02,0.02,0.0,0.0,0.02,0.0,0.0,0.1
fd93ee7a-8e03-4ead-8a80-9847e589e01e,0.0,0.0,0.0,0.0,0.0,0.0,0.0,0.0,0.0,0.0,0.0,0.0
fe48cc42-b6f0-41a3-b2a0-0c3a1d733997,0.0,0.0,0.0,0.045454545454545456,0.0,0.022727272727272728,0.022727272727272728,0.0,0.06818181818181818,0.0,0.045454545454545456,0.1590909090909091
