,path,participant_id,ai-human,treatment-human,changes,mean_change
0,d:\Academics Semester 5\DS501 - Machine Learning\Project\PersonalizationOfLLMs\personal_style_postedit\logs\b417dba7-2b67-4496-b985-fc67c15aa748.json,b417dba7-2b67-4496-b985-fc67c15aa748.json,0.6623531579971313,"[0.723385751247406, 0.5976560711860657, 0.6870607137680054, 0.6753390431404114]","[0.06103259325027466, -0.06469708681106567, 0.024707555770874023, 0.01298588514328003]",0.00850723683834076
1,d:\Academics Semester 5\DS501 - Machine Learning\Project\PersonalizationOfLLMs\personal_style_postedit\logs\32a9cad7-5b1c-480f-832c-1cedb782d226.json,32a9cad7-5b1c-480f-832c-1cedb782d226.json,0.6054865121841431,"[0.6371293067932129, 0.7254846096038818, 0.6043586134910583, 0.5381391048431396]","[0.031642794609069824, 0.11999809741973877, -0.0011278986930847168, -0.06734740734100342]",0.020791396498680115
2,d:\Academics Semester 5\DS501 - Machine Learning\Project\PersonalizationOfLLMs\personal_style_postedit\logs\99d7de62-94ed-4cc5-99bf-dbb5974df705.json,99d7de62-94ed-4cc5-99bf-dbb5974df705.json,0.8953605890274048,"[0.8894703984260559, 0.8815418481826782, 0.8918672204017639, 0.8980371356010437]","[-0.005890190601348877, -0.013818740844726562, -0.003493368625640869, 0.002676546573638916]",-0.005131438374519348
3,d:\Academics Semester 5\DS501 - Machine Learning\Project\PersonalizationOfLLMs\personal_style_postedit\logs\a03e9b46-d5c1-401e-ba35-3746d2880c76.json,a03e9b46-d5c1-401e-ba35-3746d2880c76.json,0.6034950017929077,"[0.5726286768913269, 0.549957275390625, 0.5491927862167358, 0.5477125644683838]","[-0.03086632490158081, -0.053537726402282715, -0.054302215576171875, -0.055782437324523926]",-0.04862217605113983
4,d:\Academics Semester 5\DS501 - Machine Learning\Project\PersonalizationOfLLMs\personal_style_postedit\logs\6998773e-d1b4-4b6d-ac29-f75d132ecb89.json,6998773e-d1b4-4b6d-ac29-f75d132ecb89.json,0.6443555951118469,"[0.5162903070449829, 0.6818232536315918, 0.5736952424049377, 0.43238139152526855]","[-0.128065288066864, 0.03746765851974487, -0.07066035270690918, -0.21197420358657837]",-0.09330804646015167
5,d:\Academics Semester 5\DS501 - Machine Learning\Project\PersonalizationOfLLMs\personal_style_postedit\logs\21d20b0e-b89e-42a8-b0bb-cb8b2d2e35df.json,21d20b0e-b89e-42a8-b0bb-cb8b2d2e35df.json,0.6498038172721863,"[0.644447922706604, 0.5402382612228394, 0.4839590787887573, 0.6855195164680481]","[-0.005355894565582275, -0.10956555604934692, -0.16584473848342896, 0.035715699195861816]",-0.061262622475624084
6,d:\Academics Semester 5\DS501 - Machine Learning\Project\PersonalizationOfLLMs\personal_style_postedit\logs\a1a47852-cad9-495d-a871-6797dc780d4f.json,a1a47852-cad9-495d-a871-6797dc780d4f.json,0.607438325881958,"[0.6281237602233887, 0.5095716118812561, 0.6738337874412537, 0.5467278361320496]","[0.020685434341430664, -0.0978667140007019, 0.06639546155929565, -0.06071048974990845]",-0.01787407696247101
7,d:\Academics Semester 5\DS501 - Machine Learning\Project\PersonalizationOfLLMs\personal_style_postedit\logs\1a25aba9-d542-49a4-94df-900c081551b6.json,1a25aba9-d542-49a4-94df-900c081551b6.json,0.6276617646217346,"[0.6689701080322266, 0.5484678149223328, 0.5155519247055054, 0.6425278782844543]","[0.04130834341049194, -0.07919394969940186, -0.11210983991622925, 0.014866113662719727]",-0.03378233313560486
8,d:\Academics Semester 5\DS501 - Machine Learning\Project\PersonalizationOfLLMs\personal_style_postedit\logs\c9afe4ed-b46e-4919-a89b-9c3639640775.json,c9afe4ed-b46e-4919-a89b-9c3639640775.json,0.6374829411506653,"[0.6031407713890076, 0.58245849609375, 0.5837483406066895, 0.44509878754615784]","[-0.034342169761657715, -0.05502444505691528, -0.05373460054397583, -0.19238415360450745]",-0.08387134224176407
9,d:\Academics Semester 5\DS501 - Machine Learning\Project\PersonalizationOfLLMs\personal_style_postedit\logs\601a6b65-1891-482f-ba3c-46db6c722f4a.json,601a6b65-1891-482f-ba3c-46db6c722f4a.json,0.7907593250274658,"[0.5825691819190979, 0.6564591526985168, 0.5385119915008545, 0.6041519045829773]","[-0.20819014310836792, -0.13430017232894897, -0.25224733352661133, -0.18660742044448853]",-0.1953362673521042
10,d:\Academics Semester 5\DS501 - Machine Learning\Project\PersonalizationOfLLMs\personal_style_postedit\logs\f5d09877-f461-4169-a291-79c17218071d.json,f5d09877-f461-4169-a291-79c17218071d.json,0.6501284837722778,"[0.4500482976436615, 0.46578454971313477, 0.5308368802070618, 0.6428173184394836]","[-0.20008018612861633, -0.18434393405914307, -0.11929160356521606, -0.0073111653327941895]",-0.127756729722023
11,d:\Academics Semester 5\DS501 - Machine Learning\Project\PersonalizationOfLLMs\personal_style_postedit\logs\9c117e71-7c5a-42b2-8767-9a3cbedc17d9.json,9c117e71-7c5a-42b2-8767-9a3cbedc17d9.json,0.49926504492759705,"[0.519126832485199, 0.5672561526298523, 0.6082794666290283, 0.5054746270179749]","[0.01986178755760193, 0.06799110770225525, 0.10901442170143127, 0.006209582090377808]",0.050769224762916565
12,d:\Academics Semester 5\DS501 - Machine Learning\Project\PersonalizationOfLLMs\personal_style_postedit\logs\70d867de-7bf1-479e-b0df-f2791efc2269.json,70d867de-7bf1-479e-b0df-f2791efc2269.json,0.6998845338821411,"[0.6519848108291626, 0.5837421417236328, 0.7166159152984619, 0.7083094716072083]","[-0.047899723052978516, -0.1161423921585083, 0.0167313814163208, 0.008424937725067139]",-0.03472144901752472
13,d:\Academics Semester 5\DS501 - Machine Learning\Project\PersonalizationOfLLMs\personal_style_postedit\logs\e796692a-297a-495e-a059-f32263c2c073.json,e796692a-297a-495e-a059-f32263c2c073.json,0.4649563431739807,"[0.6252274513244629, 0.4980887770652771, 0.48271146416664124, 0.46918630599975586]","[0.16027110815048218, 0.03313243389129639, 0.017755120992660522, 0.0042299628257751465]",0.05384715646505356
14,d:\Academics Semester 5\DS501 - Machine Learning\Project\PersonalizationOfLLMs\personal_style_postedit\logs\4d13e808-d845-407b-8891-abc4bbd755a3.json,4d13e808-d845-407b-8891-abc4bbd755a3.json,0.6150516867637634,"[0.5741583704948425, 0.6029674410820007, 0.5853939056396484, 0.6227312088012695]","[-0.0408933162689209, -0.012084245681762695, -0.02965778112411499, 0.0076795220375061035]",-0.01873895525932312
15,d:\Academics Semester 5\DS501 - Machine Learning\Project\PersonalizationOfLLMs\personal_style_postedit\logs\d1850bd6-2dc4-4a79-9b27-da09d1ccb338.json,d1850bd6-2dc4-4a79-9b27-da09d1ccb338.json,0.6410317420959473,"[0.4851859509944916, 0.7139384746551514, 0.7374522089958191, 0.6920210123062134]","[-0.1558457911014557, 0.0729067325592041, 0.09642046689987183, 0.05098927021026611]",0.016117669641971588
16,d:\Academics Semester 5\DS501 - Machine Learning\Project\PersonalizationOfLLMs\personal_style_postedit\logs\ad73f9f4-5813-4fcc-b875-4ccc998f95b7.json,ad73f9f4-5813-4fcc-b875-4ccc998f95b7.json,0.5574526786804199,"[0.6325733065605164, 0.4941656291484833, 0.5198662281036377, 0.4882056713104248]","[0.07512062788009644, -0.06328704953193665, -0.03758645057678223, -0.06924700736999512]",-0.02374996989965439
17,d:\Academics Semester 5\DS501 - Machine Learning\Project\PersonalizationOfLLMs\personal_style_postedit\logs\8c1d839b-8bda-45bf-a466-1ecd1270be13.json,8c1d839b-8bda-45bf-a466-1ecd1270be13.json,0.4622102677822113,"[0.5514363050460815, 0.4101972281932831, 0.41030338406562805, 0.4193570613861084]","[0.08922603726387024, -0.05201303958892822, -0.05190688371658325, -0.042853206396102905]",-0.014386773109436035
18,d:\Academics Semester 5\DS501 - Machine Learning\Project\PersonalizationOfLLMs\personal_style_postedit\logs\c457e22c-d7ad-4ba6-a5eb-457b445a6415.json,c457e22c-d7ad-4ba6-a5eb-457b445a6415.json,0.5539738535881042,"[0.5540773868560791, 0.5380334258079529, 0.5502101182937622, 0.7344546318054199]","[0.00010353326797485352, -0.015940427780151367, -0.003763735294342041, 0.18048077821731567]",0.04022003710269928
19,d:\Academics Semester 5\DS501 - Machine Learning\Project\PersonalizationOfLLMs\personal_style_postedit\logs\6c6c9fd2-8452-4e83-975b-1b6a489f13eb.json,6c6c9fd2-8452-4e83-975b-1b6a489f13eb.json,0.6193643808364868,"[0.5455177426338196, 0.6329318881034851, 0.5679952502250671, 0.49744945764541626]","[-0.07384663820266724, 0.013567507266998291, -0.05136913061141968, -0.12191492319107056]",-0.058390796184539795
20,d:\Academics Semester 5\DS501 - Machine Learning\Project\PersonalizationOfLLMs\personal_style_postedit\logs\06285a67-fbc5-4673-9f1b-3e20aff3562f.json,06285a67-fbc5-4673-9f1b-3e20aff3562f.json,0.570100724697113,"[0.39332717657089233, 0.48566341400146484, 0.6350913047790527, 0.4599452018737793]","[-0.1767735481262207, -0.0844373106956482, 0.0649905800819397, -0.11015552282333374]",-0.07659395039081573
21,d:\Academics Semester 5\DS501 - Machine Learning\Project\PersonalizationOfLLMs\personal_style_postedit\logs\f7e55f3c-94b2-4e45-b8c2-e0ef967715ae.json,f7e55f3c-94b2-4e45-b8c2-e0ef967715ae.json,0.6571349501609802,"[0.591840386390686, 0.5862271189689636, 0.5563810467720032, 0.7122662663459778]","[-0.06529456377029419, -0.0709078311920166, -0.10075390338897705, 0.05513131618499756]",-0.04545624554157257
22,d:\Academics Semester 5\DS501 - Machine Learning\Project\PersonalizationOfLLMs\personal_style_postedit\logs\a66edf01-fecd-4939-a982-b7c6684d7a29.json,a66edf01-fecd-4939-a982-b7c6684d7a29.json,0.6615966558456421,"[0.6099272966384888, 0.6718609929084778, 0.532529354095459, 0.6270653605461121]","[-0.05166935920715332, 0.010264337062835693, -0.1290673017501831, -0.03453129529953003]",-0.05125090479850769
23,d:\Academics Semester 5\DS501 - Machine Learning\Project\PersonalizationOfLLMs\personal_style_postedit\logs\87c461ed-6bbd-4205-b25a-1d517a9a16e5.json,87c461ed-6bbd-4205-b25a-1d517a9a16e5.json,0.6316211819648743,"[0.44068610668182373, 0.5755907297134399, 0.5620212554931641, 0.4747545123100281]","[-0.19093507528305054, -0.056030452251434326, -0.0695999264717102, -0.1568666696548462]",-0.11835803091526031
24,d:\Academics Semester 5\DS501 - Machine Learning\Project\PersonalizationOfLLMs\personal_style_postedit\logs\36f7c04d-9eb6-41fa-ae60-a6ad6fa1c429.json,36f7c04d-9eb6-41fa-ae60-a6ad6fa1c429.json,0.6885549426078796,"[0.6213657855987549, 0.6653204560279846, 0.6769574284553528, 0.7000625729560852]","[-0.06718915700912476, -0.02323448657989502, -0.011597514152526855, 0.011507630348205566]",-0.022628381848335266
25,d:\Academics Semester 5\DS501 - Machine Learning\Project\PersonalizationOfLLMs\personal_style_postedit\logs\e04e957f-4182-4050-8a59-10c546f3c4be.json,e04e957f-4182-4050-8a59-10c546f3c4be.json,0.577757716178894,"[0.5925683379173279, 0.5468974709510803, 0.6211376190185547, 0.5765594840049744]","[0.014810621738433838, -0.03086024522781372, 0.043379902839660645, -0.0011982321739196777]",0.006533011794090271
26,d:\Academics Semester 5\DS501 - Machine Learning\Project\PersonalizationOfLLMs\personal_style_postedit\logs\379876ef-ea66-4914-90c7-052d13ad9036.json,379876ef-ea66-4914-90c7-052d13ad9036.json,0.5890771150588989,"[0.5846075415611267, 0.6182182431221008, 0.4828677177429199, 0.5794060826301575]","[-0.004469573497772217, 0.029141128063201904, -0.106209397315979, -0.009671032428741455]",-0.022802218794822693
27,d:\Academics Semester 5\DS501 - Machine Learning\Project\PersonalizationOfLLMs\personal_style_postedit\logs\417a64ff-e3b5-45c1-a926-83e8b3897840.json,417a64ff-e3b5-45c1-a926-83e8b3897840.json,0.5800509452819824,"[0.5434440970420837, 0.42980125546455383, 0.5734049081802368, 0.5150091052055359]","[-0.03660684823989868, -0.1502496898174286, -0.0066460371017456055, -0.06504184007644653]",-0.06463610380887985
28,d:\Academics Semester 5\DS501 - Machine Learning\Project\PersonalizationOfLLMs\personal_style_postedit\logs\bcf3699f-b36e-4652-a117-7e1de296c0f3.json,bcf3699f-b36e-4652-a117-7e1de296c0f3.json,0.5823794603347778,"[0.6026041507720947, 0.6660707592964172, 0.5400688648223877, 0.5166583061218262]","[0.020224690437316895, 0.0836912989616394, -0.04231059551239014, -0.06572115421295166]",-0.0010289400815963745
29,d:\Academics Semester 5\DS501 - Machine Learning\Project\PersonalizationOfLLMs\personal_style_postedit\logs\c95c8274-9889-4d96-b769-5af9729da064.json,c95c8274-9889-4d96-b769-5af9729da064.json,0.5953377485275269,"[0.6607221961021423, 0.5406980514526367, 0.6952614784240723, 0.6300437450408936]","[0.06538444757461548, -0.05463969707489014, 0.09992372989654541, 0.0347059965133667]",0.03634361922740936
30,d:\Academics Semester 5\DS501 - Machine Learning\Project\PersonalizationOfLLMs\personal_style_postedit\logs\946ad540-3b18-4f52-96e9-9134d4ec9878.json,946ad540-3b18-4f52-96e9-9134d4ec9878.json,0.6288368105888367,"[0.5293156504631042, 0.6201245188713074, 0.6283810138702393, 0.6828679442405701]","[-0.09952116012573242, -0.008712291717529297, -0.0004557967185974121, 0.0540311336517334]",-0.013664528727531433
31,d:\Academics Semester 5\DS501 - Machine Learning\Project\PersonalizationOfLLMs\personal_style_postedit\logs\c649bdf1-c479-449c-91bb-eb0986daa185.json,c649bdf1-c479-449c-91bb-eb0986daa185.json,0.6053118705749512,"[0.602410614490509, 0.6288540959358215, 0.5140717625617981, 0.6664588451385498]","[-0.0029012560844421387, 0.02354222536087036, -0.09124010801315308, 0.06114697456359863]",-0.002363041043281555
32,d:\Academics Semester 5\DS501 - Machine Learning\Project\PersonalizationOfLLMs\personal_style_postedit\logs\8891e9bd-553c-4445-8692-af9aa1df345b.json,8891e9bd-553c-4445-8692-af9aa1df345b.json,0.5658657550811768,"[0.4918800890445709, 0.580011248588562, 0.5413879752159119, 0.6354829668998718]","[-0.07398566603660583, 0.014145493507385254, -0.024477779865264893, 0.06961721181869507]",-0.0036751851439476013
33,d:\Academics Semester 5\DS501 - Machine Learning\Project\PersonalizationOfLLMs\personal_style_postedit\logs\16e11b3b-7143-40ed-ba2c-c94e96d5be86.json,16e11b3b-7143-40ed-ba2c-c94e96d5be86.json,0.5168842673301697,"[0.42834892868995667, 0.45090949535369873, 0.5169647336006165, 0.4509497880935669]","[-0.08853533864021301, -0.06597477197647095, 8.046627044677734e-05, -0.06593447923660278]",-0.05509103089570999
34,d:\Academics Semester 5\DS501 - Machine Learning\Project\PersonalizationOfLLMs\personal_style_postedit\logs\d1df814b-04d7-45ef-afa9-19333672b460.json,d1df814b-04d7-45ef-afa9-19333672b460.json,0.6372277140617371,"[0.44181594252586365, 0.36376649141311646, 0.4399074912071228, 0.4653342366218567]","[-0.1954117715358734, -0.2734612226486206, -0.19732022285461426, -0.17189347743988037]",-0.20952168107032776
35,d:\Academics Semester 5\DS501 - Machine Learning\Project\PersonalizationOfLLMs\personal_style_postedit\logs\0a303467-79b1-4641-9591-8c3a36f50413.json,0a303467-79b1-4641-9591-8c3a36f50413.json,0.6403170228004456,"[0.48290878534317017, 0.5461472272872925, 0.7076984643936157, 0.5215950608253479]","[-0.1574082374572754, -0.09416979551315308, 0.06738144159317017, -0.11872196197509766]",-0.07572963833808899
36,d:\Academics Semester 5\DS501 - Machine Learning\Project\PersonalizationOfLLMs\personal_style_postedit\logs\354ff2f3-d1e5-40ee-9b32-f1c81c5d4df5.json,354ff2f3-d1e5-40ee-9b32-f1c81c5d4df5.json,0.46257057785987854,"[0.5134477615356445, 0.398678183555603, 0.505492091178894, 0.5367312431335449]","[0.05087718367576599, -0.06389239430427551, 0.0429215133190155, 0.07416066527366638]",0.02601674199104309
37,d:\Academics Semester 5\DS501 - Machine Learning\Project\PersonalizationOfLLMs\personal_style_postedit\logs\7e876183-c6fa-4de5-b0b3-4e06019dc486.json,7e876183-c6fa-4de5-b0b3-4e06019dc486.json,0.6283504366874695,"[0.6662653088569641, 0.5489233136177063, 0.6171255707740784, 0.550859808921814]","[0.03791487216949463, -0.07942712306976318, -0.011224865913391113, -0.07749062776565552]",-0.032556936144828796
38,d:\Academics Semester 5\DS501 - Machine Learning\Project\PersonalizationOfLLMs\personal_style_postedit\logs\4cc3c761-a0ef-4a7d-b572-f933d9f34d7e.json,4cc3c761-a0ef-4a7d-b572-f933d9f34d7e.json,0.5057618618011475,"[0.43845364451408386, 0.6803715825080872, 0.4948525130748749, 0.5823215842247009]","[-0.0673082172870636, 0.1746097207069397, -0.010909348726272583, 0.07655972242355347]",0.043237969279289246
39,d:\Academics Semester 5\DS501 - Machine Learning\Project\PersonalizationOfLLMs\personal_style_postedit\logs\8ba8d7da-bbcf-44c8-8887-d6b083446deb.json,8ba8d7da-bbcf-44c8-8887-d6b083446deb.json,0.5364878177642822,"[0.5450526475906372, 0.5270850658416748, 0.49360474944114685, 0.43208047747612]","[0.00856482982635498, -0.009402751922607422, -0.042883068323135376, -0.10440734028816223]",-0.03703208267688751
40,d:\Academics Semester 5\DS501 - Machine Learning\Project\PersonalizationOfLLMs\personal_style_postedit\logs\54b36269-e8c7-475b-8d5c-8d028a523f32.json,54b36269-e8c7-475b-8d5c-8d028a523f32.json,0.6649776101112366,"[0.591435968875885, 0.4490031599998474, 0.5169364213943481, 0.5369507074356079]","[-0.07354164123535156, -0.21597445011138916, -0.14804118871688843, -0.12802690267562866]",-0.14139604568481445
41,d:\Academics Semester 5\DS501 - Machine Learning\Project\PersonalizationOfLLMs\personal_style_postedit\logs\0e4ed97b-533a-4c35-9268-2610361186c3.json,0e4ed97b-533a-4c35-9268-2610361186c3.json,0.5312361121177673,"[0.668106198310852, 0.5287662148475647, 0.5129812955856323, 0.7573277354240417]","[0.13687008619308472, -0.0024698972702026367, -0.01825481653213501, 0.22609162330627441]",0.08555924892425537
42,d:\Academics Semester 5\DS501 - Machine Learning\Project\PersonalizationOfLLMs\personal_style_postedit\logs\1460c925-65dc-4f85-9bee-a3029020dd78.json,1460c925-65dc-4f85-9bee-a3029020dd78.json,0.6268177032470703,"[0.6118531227111816, 0.5161362290382385, 0.6272351741790771, 0.7329046130180359]","[-0.014964580535888672, -0.11068147420883179, 0.00041747093200683594, 0.10608690977096558]",-0.004785418510437012
43,d:\Academics Semester 5\DS501 - Machine Learning\Project\PersonalizationOfLLMs\personal_style_postedit\logs\9473c36d-e078-4a5b-a106-a4de719f1c1b.json,9473c36d-e078-4a5b-a106-a4de719f1c1b.json,0.6570298075675964,"[0.6351713538169861, 0.5373640656471252, 0.579730212688446, 0.4758562445640564]","[-0.02185845375061035, -0.11966574192047119, -0.07729959487915039, -0.18117356300354004]",-0.099999338388443
44,d:\Academics Semester 5\DS501 - Machine Learning\Project\PersonalizationOfLLMs\personal_style_postedit\logs\edb2f8e7-ab70-4257-8246-bf4352832807.json,edb2f8e7-ab70-4257-8246-bf4352832807.json,0.43569216132164,"[0.5017678737640381, 0.42969822883605957, 0.40781107544898987, 0.4406683146953583]","[0.06607571244239807, -0.005993932485580444, -0.027881085872650146, 0.004976153373718262]",0.009294211864471436
45,d:\Academics Semester 5\DS501 - Machine Learning\Project\PersonalizationOfLLMs\personal_style_postedit\logs\1a6bc3bd-868e-47cf-970d-67cf7d516465.json,1a6bc3bd-868e-47cf-970d-67cf7d516465.json,0.5996056795120239,"[0.45936155319213867, 0.5089322924613953, 0.6372328400611877, 0.5623506903648376]","[-0.14024412631988525, -0.09067338705062866, 0.03762716054916382, -0.03725498914718628]",-0.057636335492134094
46,d:\Academics Semester 5\DS501 - Machine Learning\Project\PersonalizationOfLLMs\personal_style_postedit\logs\e914a063-af74-4e82-9fae-a27aa34cf284.json,e914a063-af74-4e82-9fae-a27aa34cf284.json,0.7379302978515625,"[0.555164098739624, 0.5742483735084534, 0.537459671497345, 0.6434420943260193]","[-0.18276619911193848, -0.16368192434310913, -0.20047062635421753, -0.09448820352554321]",-0.1603517383337021
47,d:\Academics Semester 5\DS501 - Machine Learning\Project\PersonalizationOfLLMs\personal_style_postedit\logs\47936247-3b3b-4aec-a540-0199ded5b35f.json,47936247-3b3b-4aec-a540-0199ded5b35f.json,0.5188419818878174,"[0.6971103549003601, 0.7653264403343201, 0.5936205983161926, 0.6500535011291504]","[0.17826837301254272, 0.24648445844650269, 0.07477861642837524, 0.131211519241333]",0.15768574178218842
48,d:\Academics Semester 5\DS501 - Machine Learning\Project\PersonalizationOfLLMs\personal_style_postedit\logs\df299e8f-5085-44ff-95c9-6de38dbb72a4.json,df299e8f-5085-44ff-95c9-6de38dbb72a4.json,0.49484455585479736,"[0.47449102997779846, 0.4765215814113617, 0.5689613819122314, 0.5281149744987488]","[-0.0203535258769989, -0.01832297444343567, 0.07411682605743408, 0.033270418643951416]",0.017177686095237732
49,d:\Academics Semester 5\DS501 - Machine Learning\Project\PersonalizationOfLLMs\personal_style_postedit\logs\c558e2d5-8448-41bb-9b4d-279a0ac50263.json,c558e2d5-8448-41bb-9b4d-279a0ac50263.json,0.6401123404502869,"[0.588484525680542, 0.6030368208885193, 0.6133485436439514, 0.5148913264274597]","[-0.05162781476974487, -0.03707551956176758, -0.02676379680633545, -0.12522101402282715]",-0.06017203629016876
50,d:\Academics Semester 5\DS501 - Machine Learning\Project\PersonalizationOfLLMs\personal_style_postedit\logs\1b97dea3-013d-476c-96a6-49d2960c7c99.json,1b97dea3-013d-476c-96a6-49d2960c7c99.json,0.5496659278869629,"[0.48469433188438416, 0.5806461572647095, 0.5894728302955627, 0.5017790794372559]","[-0.06497159600257874, 0.030980229377746582, 0.039806902408599854, -0.04788684844970703]",-0.010517828166484833
51,d:\Academics Semester 5\DS501 - Machine Learning\Project\PersonalizationOfLLMs\personal_style_postedit\logs\95648190-a022-43f7-a299-7d7c22e55289.json,95648190-a022-43f7-a299-7d7c22e55289.json,0.3761877715587616,"[0.5277268290519714, 0.6739835143089294, 0.6476653814315796, 0.47310492396354675]","[0.15153905749320984, 0.29779574275016785, 0.271477609872818, 0.09691715240478516]",0.2044323980808258
52,d:\Academics Semester 5\DS501 - Machine Learning\Project\PersonalizationOfLLMs\personal_style_postedit\logs\03acc614-1708-42a6-b142-9ef7a0f0ce4e.json,03acc614-1708-42a6-b142-9ef7a0f0ce4e.json,0.5186756253242493,"[0.5923218727111816, 0.4786105751991272, 0.5149737000465393, 0.4246005117893219]","[0.07364624738693237, -0.04006505012512207, -0.003701925277709961, -0.09407511353492737]",-0.016048960387706757
53,d:\Academics Semester 5\DS501 - Machine Learning\Project\PersonalizationOfLLMs\personal_style_postedit\logs\9d164220-c497-48ff-8497-55c050213e55.json,9d164220-c497-48ff-8497-55c050213e55.json,0.5222744345664978,"[0.3538512587547302, 0.3840705156326294, 0.5178357362747192, 0.5593482255935669]","[-0.16842317581176758, -0.1382039189338684, -0.0044386982917785645, 0.03707379102706909]",-0.06849800050258636
54,d:\Academics Semester 5\DS501 - Machine Learning\Project\PersonalizationOfLLMs\personal_style_postedit\logs\f34cb204-36d3-4051-9ae0-0969882d1cda.json,f34cb204-36d3-4051-9ae0-0969882d1cda.json,0.5227009654045105,"[0.4643612504005432, 0.49633270502090454, 0.3550066649913788, 0.49544692039489746]","[-0.058339715003967285, -0.026368260383605957, -0.1676943004131317, -0.027254045009613037]",-0.0699140802025795
55,d:\Academics Semester 5\DS501 - Machine Learning\Project\PersonalizationOfLLMs\personal_style_postedit\logs\79e9c336-6d58-4da1-a022-64dc69586c6e.json,79e9c336-6d58-4da1-a022-64dc69586c6e.json,0.5585512518882751,"[0.4969809949398041, 0.6321887373924255, 0.6535519361495972, 0.666441798210144]","[-0.06157025694847107, 0.07363748550415039, 0.09500068426132202, 0.1078905463218689]",0.05373961478471756
56,d:\Academics Semester 5\DS501 - Machine Learning\Project\PersonalizationOfLLMs\personal_style_postedit\logs\f35a5d38-18e0-4c01-8a53-13fc23a63680.json,f35a5d38-18e0-4c01-8a53-13fc23a63680.json,0.5990215539932251,"[0.5562530755996704, 0.587210476398468, 0.6791616082191467, 0.5765454769134521]","[-0.04276847839355469, -0.01181107759475708, 0.08014005422592163, -0.02247607707977295]",0.0007711052894592285
