pid,scenario,type,split,truth,pred_frac_ai,pred_wordweighted_ai,pred_mean_prob
03acc614-1708-42a6-b142-9ef7a0f0ce4e,thank,treatment,val,90.06,90.91,90.06,89.99
03acc614-1708-42a6-b142-9ef7a0f0ce4e,wedding,treatment,val,96.6,100.0,100.0,97.38
03acc614-1708-42a6-b142-9ef7a0f0ce4e,apology,treatment,val,85.71,90.0,82.76,88.95
03acc614-1708-42a6-b142-9ef7a0f0ce4e,letter,treatment,val,97.56,92.31,98.14,92.54
03acc614-1708-42a6-b142-9ef7a0f0ce4e,condolence,control,val,0.0,14.29,3.27,16.32
03acc614-1708-42a6-b142-9ef7a0f0ce4e,reassurance,control,val,0.0,14.29,1.8,19.97
0c529ac4-63ef-47e4-a8be-91a12f63242d,letter,control,test,0.0,7.14,3.78,17.23
0c529ac4-63ef-47e4-a8be-91a12f63242d,thank,control,test,0.0,10.0,6.41,15.88
0c529ac4-63ef-47e4-a8be-91a12f63242d,speech,treatment,test,89.29,81.82,87.88,86.81
0c529ac4-63ef-47e4-a8be-91a12f63242d,condolence,treatment,test,98.72,100.0,100.0,96.16
0c529ac4-63ef-47e4-a8be-91a12f63242d,reassurance,treatment,test,93.83,76.92,83.12,78.19
0c529ac4-63ef-47e4-a8be-91a12f63242d,apology,treatment,test,100.0,100.0,100.0,97.97
0d91417f-a097-424f-bf12-77b98654c26c,thank,control,test,0.0,10.0,13.12,19.61
0d91417f-a097-424f-bf12-77b98654c26c,condolence,control,test,0.0,18.18,16.09,22.88
0d91417f-a097-424f-bf12-77b98654c26c,letter,treatment,test,92.36,72.73,88.89,74.4
0d91417f-a097-424f-bf12-77b98654c26c,wedding,treatment,test,96.75,100.0,100.0,96.42
0d91417f-a097-424f-bf12-77b98654c26c,apology,treatment,test,94.3,100.0,100.0,98.16
0d91417f-a097-424f-bf12-77b98654c26c,reassurance,treatment,test,100.0,100.0,100.0,98.91
0e4ed97b-533a-4c35-9268-2610361186c3,speech,treatment,val,95.54,100.0,100.0,97.63
0e4ed97b-533a-4c35-9268-2610361186c3,apology,treatment,val,96.69,100.0,100.0,96.46
0e4ed97b-533a-4c35-9268-2610361186c3,letter,treatment,val,95.07,100.0,100.0,96.64
0e4ed97b-533a-4c35-9268-2610361186c3,wedding,treatment,val,98.69,100.0,100.0,98.46
0e4ed97b-533a-4c35-9268-2610361186c3,condolence,control,val,0.0,16.67,13.84,44.75
0e4ed97b-533a-4c35-9268-2610361186c3,thank,control,val,0.0,0.0,0.0,6.13
16e11b3b-7143-40ed-ba2c-c94e96d5be86,wedding,treatment,val,87.5,100.0,100.0,98.39
16e11b3b-7143-40ed-ba2c-c94e96d5be86,speech,treatment,val,93.15,77.78,68.28,85.52
16e11b3b-7143-40ed-ba2c-c94e96d5be86,condolence,treatment,val,100.0,100.0,100.0,97.57
16e11b3b-7143-40ed-ba2c-c94e96d5be86,letter,treatment,val,87.79,75.0,75.74,79.31
16e11b3b-7143-40ed-ba2c-c94e96d5be86,thank,control,val,0.0,0.0,0.0,2.14
16e11b3b-7143-40ed-ba2c-c94e96d5be86,apology,control,val,0.0,0.0,0.0,3.71
1f506d3f-b34d-4657-9820-ef232904554d,condolence,control,test,0.0,25.0,23.03,26.78
1f506d3f-b34d-4657-9820-ef232904554d,apology,control,test,0.0,22.22,17.76,28.43
1f506d3f-b34d-4657-9820-ef232904554d,reassurance,treatment,test,98.62,90.0,84.72,94.98
1f506d3f-b34d-4657-9820-ef232904554d,thank,treatment,test,96.71,100.0,100.0,98.8
1f506d3f-b34d-4657-9820-ef232904554d,letter,treatment,test,85.26,81.82,83.87,80.78
1f506d3f-b34d-4657-9820-ef232904554d,wedding,treatment,test,96.13,88.89,91.61,88.24
28bc03dc-f524-4a10-b9aa-4368bd13df42,condolence,control,test,0.0,18.18,11.27,23.24
28bc03dc-f524-4a10-b9aa-4368bd13df42,reassurance,control,test,0.0,29.17,23.65,36.77
28bc03dc-f524-4a10-b9aa-4368bd13df42,wedding,treatment,test,99.32,70.0,74.32,76.06
28bc03dc-f524-4a10-b9aa-4368bd13df42,thank,treatment,test,100.0,90.91,94.37,95.46
28bc03dc-f524-4a10-b9aa-4368bd13df42,letter,treatment,test,100.0,75.0,77.14,73.77
28bc03dc-f524-4a10-b9aa-4368bd13df42,speech,treatment,test,100.0,80.0,93.88,84.39
2af273f2-bea4-4638-9cd7-4a8d3a0b8f26,reassurance,treatment,test,98.72,100.0,100.0,97.85
2af273f2-bea4-4638-9cd7-4a8d3a0b8f26,apology,treatment,test,98.66,91.67,92.62,91.91
2af273f2-bea4-4638-9cd7-4a8d3a0b8f26,thank,treatment,test,98.58,100.0,100.0,98.59
2af273f2-bea4-4638-9cd7-4a8d3a0b8f26,speech,treatment,test,98.59,100.0,100.0,98.04
2af273f2-bea4-4638-9cd7-4a8d3a0b8f26,wedding,control,test,0.0,66.67,71.43,71.43
2af273f2-bea4-4638-9cd7-4a8d3a0b8f26,eulogy,control,test,0.0,40.0,51.59,42.39
357b9f78-df87-4775-a67e-9a41bebbc02f,eulogy,control,test,0.0,16.67,14.2,22.39
357b9f78-df87-4775-a67e-9a41bebbc02f,reassurance,control,test,0.0,12.5,8.52,21.14
357b9f78-df87-4775-a67e-9a41bebbc02f,wedding,treatment,test,87.42,90.91,89.24,92.54
357b9f78-df87-4775-a67e-9a41bebbc02f,speech,treatment,test,43.75,33.33,35.42,53.69
357b9f78-df87-4775-a67e-9a41bebbc02f,thank,treatment,test,88.68,92.31,94.3,92.35
357b9f78-df87-4775-a67e-9a41bebbc02f,letter,treatment,test,94.41,50.0,64.08,61.13
36f7c04d-9eb6-41fa-ae60-a6ad6fa1c429,speech,control,val,0.0,57.14,45.88,59.37
36f7c04d-9eb6-41fa-ae60-a6ad6fa1c429,apology,control,val,0.0,16.67,15.61,23.06
36f7c04d-9eb6-41fa-ae60-a6ad6fa1c429,letter,treatment,val,82.76,71.43,81.4,73.99
36f7c04d-9eb6-41fa-ae60-a6ad6fa1c429,reassurance,treatment,val,89.29,84.62,90.91,84.31
36f7c04d-9eb6-41fa-ae60-a6ad6fa1c429,thank,treatment,val,81.77,69.23,77.37,76.09
36f7c04d-9eb6-41fa-ae60-a6ad6fa1c429,condolence,treatment,val,84.36,75.0,81.56,79.65
379876ef-ea66-4914-90c7-052d13ad9036,condolence,treatment,val,93.46,90.91,94.74,87.57
379876ef-ea66-4914-90c7-052d13ad9036,letter,treatment,val,94.44,91.67,79.5,95.24
379876ef-ea66-4914-90c7-052d13ad9036,speech,treatment,val,98.64,100.0,100.0,98.01
379876ef-ea66-4914-90c7-052d13ad9036,eulogy,treatment,val,96.64,100.0,100.0,95.99
379876ef-ea66-4914-90c7-052d13ad9036,wedding,control,val,0.0,50.0,60.78,64.2
379876ef-ea66-4914-90c7-052d13ad9036,apology,control,val,0.0,36.36,30.0,42.18
572392a4-224e-4261-ad20-1c06fabc9220,speech,treatment,test,100.0,100.0,100.0,98.94
572392a4-224e-4261-ad20-1c06fabc9220,reassurance,treatment,test,100.0,90.0,96.75,95.87
572392a4-224e-4261-ad20-1c06fabc9220,wedding,treatment,test,100.0,100.0,100.0,98.64
572392a4-224e-4261-ad20-1c06fabc9220,apology,treatment,test,100.0,90.91,88.31,92.72
572392a4-224e-4261-ad20-1c06fabc9220,letter,control,test,0.0,0.0,0.0,1.07
572392a4-224e-4261-ad20-1c06fabc9220,thank,control,test,0.0,0.0,0.0,5.92
57f6eb08-1334-4d1d-b32e-7ead2fae69b5,speech,treatment,test,95.17,100.0,100.0,98.52
57f6eb08-1334-4d1d-b32e-7ead2fae69b5,apology,treatment,test,98.68,100.0,100.0,97.87
57f6eb08-1334-4d1d-b32e-7ead2fae69b5,thank,treatment,test,90.8,100.0,100.0,98.95
57f6eb08-1334-4d1d-b32e-7ead2fae69b5,wedding,treatment,test,90.96,75.0,78.92,85.67
57f6eb08-1334-4d1d-b32e-7ead2fae69b5,reassurance,control,test,0.0,12.5,9.33,13.19
57f6eb08-1334-4d1d-b32e-7ead2fae69b5,letter,control,test,0.0,0.0,0.0,1.83
58a194df-223f-48a6-b63e-6dd56c0f2b57,condolence,control,test,0.0,10.0,3.78,20.9
58a194df-223f-48a6-b63e-6dd56c0f2b57,reassurance,control,test,0.0,0.0,0.0,3.81
58a194df-223f-48a6-b63e-6dd56c0f2b57,thank,treatment,test,25.97,66.67,71.43,64.51
58a194df-223f-48a6-b63e-6dd56c0f2b57,wedding,treatment,test,51.77,63.64,60.28,65.94
58a194df-223f-48a6-b63e-6dd56c0f2b57,letter,treatment,test,67.14,84.62,92.09,87.02
58a194df-223f-48a6-b63e-6dd56c0f2b57,speech,treatment,test,75.89,100.0,100.0,97.93
5ebe55d9-ec28-4e1f-bba3-3e309275a847,apology,control,test,0.0,16.67,4.55,18.38
5ebe55d9-ec28-4e1f-bba3-3e309275a847,reassurance,control,test,0.0,0.0,0.0,1.13
5ebe55d9-ec28-4e1f-bba3-3e309275a847,eulogy,treatment,test,0.0,0.0,0.0,2.4
5ebe55d9-ec28-4e1f-bba3-3e309275a847,speech,treatment,test,85.31,80.0,80.57,81.39
5ebe55d9-ec28-4e1f-bba3-3e309275a847,thank,treatment,test,81.72,72.73,76.88,75.89
5ebe55d9-ec28-4e1f-bba3-3e309275a847,wedding,treatment,test,90.48,100.0,100.0,98.69
6003984f-f1dd-4a12-a9fb-e0031f48832d,condolence,control,test,0.0,33.33,32.48,31.96
6003984f-f1dd-4a12-a9fb-e0031f48832d,thank,control,test,0.0,25.0,20.39,25.56
6003984f-f1dd-4a12-a9fb-e0031f48832d,letter,treatment,test,95.77,100.0,100.0,97.05
6003984f-f1dd-4a12-a9fb-e0031f48832d,speech,treatment,test,99.37,100.0,100.0,98.24
6003984f-f1dd-4a12-a9fb-e0031f48832d,apology,treatment,test,92.99,100.0,100.0,97.98
6003984f-f1dd-4a12-a9fb-e0031f48832d,wedding,treatment,test,98.69,90.91,84.97,92.56
633b5061-eafb-439d-acc4-be045cbf249b,reassurance,treatment,test,14.2,25.0,16.67,32.02
633b5061-eafb-439d-acc4-be045cbf249b,condolence,treatment,test,38.0,55.56,59.73,55.08
633b5061-eafb-439d-acc4-be045cbf249b,thank,treatment,test,25.2,55.56,37.7,52.68
633b5061-eafb-439d-acc4-be045cbf249b,letter,treatment,test,51.94,44.44,28.68,60.55
633b5061-eafb-439d-acc4-be045cbf249b,speech,control,test,0.0,0.0,0.0,11.9
633b5061-eafb-439d-acc4-be045cbf249b,apology,control,test,0.0,23.08,20.12,37.38
6c9db161-b8da-48f4-a9ba-f740f5ab9d93,reassurance,control,test,0.0,33.33,37.11,41.23
6c9db161-b8da-48f4-a9ba-f740f5ab9d93,speech,control,test,0.0,5.26,5.69,18.43
6c9db161-b8da-48f4-a9ba-f740f5ab9d93,apology,treatment,test,96.69,72.73,69.59,77.16
6c9db161-b8da-48f4-a9ba-f740f5ab9d93,letter,treatment,test,99.35,90.0,97.97,94.18
6c9db161-b8da-48f4-a9ba-f740f5ab9d93,thank,treatment,test,100.0,100.0,100.0,98.61
6c9db161-b8da-48f4-a9ba-f740f5ab9d93,condolence,treatment,test,99.35,90.0,90.07,88.25
702965f6-e3c0-4fd0-beab-2b57d2e90797,condolence,treatment,test,30.17,33.33,19.49,42.01
702965f6-e3c0-4fd0-beab-2b57d2e90797,reassurance,treatment,test,39.36,57.14,81.44,59.3
702965f6-e3c0-4fd0-beab-2b57d2e90797,eulogy,treatment,test,63.52,70.0,84.18,78.57
702965f6-e3c0-4fd0-beab-2b57d2e90797,speech,treatment,test,56.55,64.29,86.39,67.63
702965f6-e3c0-4fd0-beab-2b57d2e90797,thank,control,test,0.0,18.18,20.26,26.5
702965f6-e3c0-4fd0-beab-2b57d2e90797,apology,control,test,0.0,0.0,0.0,14.63
8ae99e0d-dea4-4a4b-accb-1145d983f09a,wedding,control,test,0.0,0.0,0.0,0.59
8ae99e0d-dea4-4a4b-accb-1145d983f09a,condolence,control,test,0.0,0.0,0.0,0.58
8ae99e0d-dea4-4a4b-accb-1145d983f09a,thank,treatment,test,77.0,90.91,69.19,89.35
8ae99e0d-dea4-4a4b-accb-1145d983f09a,speech,treatment,test,98.68,100.0,100.0,99.07
8ae99e0d-dea4-4a4b-accb-1145d983f09a,letter,treatment,test,82.8,92.86,82.42,89.23
8ae99e0d-dea4-4a4b-accb-1145d983f09a,apology,treatment,test,72.5,90.0,72.5,88.79
8ba8d7da-bbcf-44c8-8887-d6b083446deb,thank,treatment,val,75.86,75.0,76.12,74.48
8ba8d7da-bbcf-44c8-8887-d6b083446deb,apology,treatment,val,97.9,100.0,100.0,97.95
8ba8d7da-bbcf-44c8-8887-d6b083446deb,speech,treatment,val,94.48,88.89,93.21,88.05
8ba8d7da-bbcf-44c8-8887-d6b083446deb,condolence,treatment,val,99.36,100.0,100.0,98.28
8ba8d7da-bbcf-44c8-8887-d6b083446deb,letter,control,val,0.0,14.29,18.18,34.48
8ba8d7da-bbcf-44c8-8887-d6b083446deb,reassurance,control,val,0.0,10.0,8.7,17.92
93919296-449e-4498-9198-8f21282f387e,eulogy,control,test,0.0,0.0,0.0,14.76
93919296-449e-4498-9198-8f21282f387e,condolence,control,test,0.0,0.0,0.0,1.31
93919296-449e-4498-9198-8f21282f387e,thank,treatment,test,100.0,100.0,100.0,97.75
93919296-449e-4498-9198-8f21282f387e,reassurance,treatment,test,99.36,87.5,92.9,96.09
93919296-449e-4498-9198-8f21282f387e,speech,treatment,test,100.0,100.0,100.0,98.1
93919296-449e-4498-9198-8f21282f387e,apology,treatment,test,98.71,100.0,100.0,97.89
93d4e6ef-1df0-4690-a934-51f2ff067a1f,reassurance,treatment,test,91.46,54.55,58.28,66.62
93d4e6ef-1df0-4690-a934-51f2ff067a1f,condolence,treatment,test,100.0,100.0,100.0,95.94
93d4e6ef-1df0-4690-a934-51f2ff067a1f,apology,treatment,test,100.0,100.0,100.0,97.63
93d4e6ef-1df0-4690-a934-51f2ff067a1f,thank,treatment,test,100.0,100.0,100.0,98.57
93d4e6ef-1df0-4690-a934-51f2ff067a1f,letter,control,test,0.0,20.0,13.29,21.9
93d4e6ef-1df0-4690-a934-51f2ff067a1f,wedding,control,test,0.0,0.0,0.0,7.28
9473c36d-e078-4a5b-a106-a4de719f1c1b,thank,treatment,val,76.62,88.89,90.91,87.08
9473c36d-e078-4a5b-a106-a4de719f1c1b,apology,treatment,val,99.31,100.0,100.0,98.07
9473c36d-e078-4a5b-a106-a4de719f1c1b,reassurance,treatment,val,99.36,100.0,100.0,98.37
9473c36d-e078-4a5b-a106-a4de719f1c1b,wedding,treatment,val,100.0,100.0,100.0,97.27
9473c36d-e078-4a5b-a106-a4de719f1c1b,speech,control,val,0.0,9.09,6.88,22.25
9473c36d-e078-4a5b-a106-a4de719f1c1b,letter,control,val,0.0,10.0,5.17,11.81
95648190-a022-43f7-a299-7d7c22e55289,speech,control,val,0.0,10.0,12.5,21.51
95648190-a022-43f7-a299-7d7c22e55289,thank,control,val,0.0,22.22,8.75,26.15
95648190-a022-43f7-a299-7d7c22e55289,letter,treatment,val,48.36,90.0,90.91,81.26
95648190-a022-43f7-a299-7d7c22e55289,apology,treatment,val,64.17,44.44,49.59,66.5
95648190-a022-43f7-a299-7d7c22e55289,eulogy,treatment,val,42.74,71.43,66.67,77.1
95648190-a022-43f7-a299-7d7c22e55289,wedding,treatment,val,83.53,81.82,82.35,81.12
9d164220-c497-48ff-8497-55c050213e55,speech,control,val,0.0,0.0,0.0,13.79
9d164220-c497-48ff-8497-55c050213e55,letter,control,val,0.0,10.0,7.05,19.75
9d164220-c497-48ff-8497-55c050213e55,reassurance,treatment,val,89.12,81.82,88.97,81.55
9d164220-c497-48ff-8497-55c050213e55,thank,treatment,val,94.84,100.0,100.0,97.87
9d164220-c497-48ff-8497-55c050213e55,apology,treatment,val,88.74,100.0,100.0,97.61
9d164220-c497-48ff-8497-55c050213e55,condolence,treatment,val,93.17,81.82,85.53,83.92
a65fbf73-ac73-4c89-8477-fe2768a27dd5,letter,control,test,0.0,0.0,0.0,8.58
a65fbf73-ac73-4c89-8477-fe2768a27dd5,wedding,control,test,0.0,62.5,51.92,66.55
a65fbf73-ac73-4c89-8477-fe2768a27dd5,reassurance,treatment,test,98.05,83.33,86.93,84.66
a65fbf73-ac73-4c89-8477-fe2768a27dd5,eulogy,treatment,test,98.68,100.0,100.0,97.25
a65fbf73-ac73-4c89-8477-fe2768a27dd5,speech,treatment,test,100.0,100.0,100.0,97.23
a65fbf73-ac73-4c89-8477-fe2768a27dd5,thank,treatment,test,100.0,90.0,97.32,93.57
c9afe4ed-b46e-4919-a89b-9c3639640775,reassurance,control,val,0.0,16.67,11.89,16.63
c9afe4ed-b46e-4919-a89b-9c3639640775,condolence,control,val,0.0,37.5,38.71,46.23
c9afe4ed-b46e-4919-a89b-9c3639640775,apology,treatment,val,96.75,90.91,90.91,89.54
c9afe4ed-b46e-4919-a89b-9c3639640775,thank,treatment,val,90.8,90.0,95.09,88.05
c9afe4ed-b46e-4919-a89b-9c3639640775,letter,treatment,val,97.39,80.0,53.29,76.47
c9afe4ed-b46e-4919-a89b-9c3639640775,speech,treatment,val,100.0,100.0,100.0,98.05
cb6b9158-75df-42e4-92ac-d2e2d03e66a7,speech,treatment,test,100.0,100.0,100.0,98.4
cb6b9158-75df-42e4-92ac-d2e2d03e66a7,reassurance,treatment,test,97.96,100.0,100.0,98.59
cb6b9158-75df-42e4-92ac-d2e2d03e66a7,wedding,treatment,test,100.0,87.5,92.86,86.9
cb6b9158-75df-42e4-92ac-d2e2d03e66a7,apology,treatment,test,95.06,100.0,100.0,97.75
cb6b9158-75df-42e4-92ac-d2e2d03e66a7,letter,control,test,0.0,33.33,23.53,30.33
cb6b9158-75df-42e4-92ac-d2e2d03e66a7,thank,control,test,0.0,27.78,25.0,41.21
d1df814b-04d7-45ef-afa9-19333672b460,apology,control,val,0.0,0.0,0.0,1.19
d1df814b-04d7-45ef-afa9-19333672b460,thank,control,val,0.0,20.0,30.87,19.82
d1df814b-04d7-45ef-afa9-19333672b460,wedding,treatment,val,98.72,100.0,100.0,98.65
d1df814b-04d7-45ef-afa9-19333672b460,speech,treatment,val,100.0,100.0,100.0,98.53
d1df814b-04d7-45ef-afa9-19333672b460,reassurance,treatment,val,100.0,100.0,100.0,98.23
d1df814b-04d7-45ef-afa9-19333672b460,letter,treatment,val,99.32,100.0,100.0,97.93
e181c353-09f4-402b-b7e5-c62f87df85f5,apology,control,test,0.0,7.69,4.94,12.27
e181c353-09f4-402b-b7e5-c62f87df85f5,reassurance,control,test,0.0,13.33,11.63,21.69
e181c353-09f4-402b-b7e5-c62f87df85f5,speech,treatment,test,88.2,100.0,100.0,97.28
e181c353-09f4-402b-b7e5-c62f87df85f5,thank,treatment,test,89.82,90.91,89.82,89.73
e181c353-09f4-402b-b7e5-c62f87df85f5,letter,treatment,test,98.73,92.31,96.77,91.52
e181c353-09f4-402b-b7e5-c62f87df85f5,condolence,treatment,test,93.83,90.0,99.38,87.97
e9c4bc43-6f2f-4b3f-8ab0-f20947fd04f9,condolence,control,test,0.0,42.86,44.08,44.76
e9c4bc43-6f2f-4b3f-8ab0-f20947fd04f9,apology,control,test,0.0,55.56,49.67,70.42
e9c4bc43-6f2f-4b3f-8ab0-f20947fd04f9,wedding,treatment,test,86.62,87.5,96.84,84.28
e9c4bc43-6f2f-4b3f-8ab0-f20947fd04f9,thank,treatment,test,98.68,100.0,100.0,98.18
e9c4bc43-6f2f-4b3f-8ab0-f20947fd04f9,reassurance,treatment,test,94.27,100.0,100.0,98.33
e9c4bc43-6f2f-4b3f-8ab0-f20947fd04f9,letter,treatment,test,60.38,66.67,45.0,67.58
ec874e47-e1e7-400a-b8c2-057063b54e63,condolence,control,test,0.0,72.73,71.83,71.4
ec874e47-e1e7-400a-b8c2-057063b54e63,thank,control,test,0.0,44.44,48.98,56.09
ec874e47-e1e7-400a-b8c2-057063b54e63,speech,treatment,test,100.0,100.0,100.0,98.71
ec874e47-e1e7-400a-b8c2-057063b54e63,letter,treatment,test,100.0,100.0,100.0,97.11
ec874e47-e1e7-400a-b8c2-057063b54e63,apology,treatment,test,100.0,100.0,100.0,98.15
ec874e47-e1e7-400a-b8c2-057063b54e63,reassurance,treatment,test,21.48,75.0,82.67,75.6
f5d09877-f461-4169-a291-79c17218071d,thank,control,val,0.0,28.57,24.85,37.87
f5d09877-f461-4169-a291-79c17218071d,speech,control,val,0.0,25.0,18.24,32.35
f5d09877-f461-4169-a291-79c17218071d,wedding,treatment,val,93.79,85.71,90.06,85.69
f5d09877-f461-4169-a291-79c17218071d,apology,treatment,val,96.77,90.0,89.61,93.86
f5d09877-f461-4169-a291-79c17218071d,eulogy,treatment,val,97.5,100.0,100.0,96.9
f5d09877-f461-4169-a291-79c17218071d,letter,treatment,val,98.76,100.0,100.0,96.0
fd93ee7a-8e03-4ead-8a80-9847e589e01e,condolence,treatment,test,89.16,83.33,89.02,80.32
fd93ee7a-8e03-4ead-8a80-9847e589e01e,thank,treatment,test,90.8,91.67,95.09,90.78
fd93ee7a-8e03-4ead-8a80-9847e589e01e,letter,treatment,test,93.9,78.57,80.86,83.67
fd93ee7a-8e03-4ead-8a80-9847e589e01e,speech,treatment,test,94.97,100.0,100.0,97.61
fd93ee7a-8e03-4ead-8a80-9847e589e01e,apology,control,test,0.0,16.67,12.99,19.77
fd93ee7a-8e03-4ead-8a80-9847e589e01e,wedding,control,test,0.0,5.88,4.85,10.01
fe48cc42-b6f0-41a3-b2a0-0c3a1d733997,wedding,treatment,test,91.14,100.0,100.0,98.07
fe48cc42-b6f0-41a3-b2a0-0c3a1d733997,apology,treatment,test,100.0,100.0,100.0,98.65
fe48cc42-b6f0-41a3-b2a0-0c3a1d733997,speech,treatment,test,100.0,100.0,100.0,98.31
fe48cc42-b6f0-41a3-b2a0-0c3a1d733997,thank,treatment,test,100.0,100.0,100.0,98.19
fe48cc42-b6f0-41a3-b2a0-0c3a1d733997,reassurance,control,test,0.0,50.0,43.62,54.02
fe48cc42-b6f0-41a3-b2a0-0c3a1d733997,condolence,control,test,0.0,100.0,100.0,93.61
