word,count_ai,count_human,rate_ai_per_10k,rate_human_per_10k,ratio,z,n_participants,n_scenarios
every,365,47,74.47459702101612,17.65059336037254,4.180686648267271,9.297703473787456,81,8
laughter,158,19,32.238318710467254,7.135346252065495,4.416197636275172,6.205398617075293,74,7
kindness,165,24,33.66659865333605,9.013068949977468,3.6701664383361994,6.018640056210043,78,8
you've,122,8,24.89287900428484,3.004356316659156,7.830166712675684,5.835825316385451,64,6
into,140,22,28.565598857376045,8.261979870812679,3.3927171325579817,5.392821052462995,72,8
unwavering,114,3,23.26055906957764,1.1266336187471835,17.774250153029996,5.3815423159544915,67,8
i've,102,11,20.812079167516835,4.1309899354063395,4.84261419586065,5.093295137740834,54,7
celebrate,106,13,21.628239134870434,4.882079014571128,4.2861728898864175,5.05688770396929,63,8
forward,115,18,23.46459906141604,6.7598017124831005,3.392064498695798,4.893545289228192,59,8
spirit,82,5,16.731279330748826,1.8777226979119723,8.149765354009386,4.788238753982666,50,7
dreams,74,6,15.098959396041623,2.253267237494367,6.227256603832813,4.494981559009067,47,6
warmth,64,4,13.05855947765762,1.502178158329578,7.787553560497857,4.228426046625484,47,7
compassion,63,2,12.854519485819221,0.751089079164789,13.800269332789227,4.071742693251479,43,6
side,81,13,16.527239338910427,4.882079014571128,3.2800290190210615,4.065742426035531,51,6
generosity,65,7,13.26259946949602,2.6288117770767614,4.744974495001021,4.065351112174751,45,4
adventures,61,6,12.44643950214242,2.253267237494367,5.140621223298227,3.9954026917214693,47,6
heartfelt,54,4,11.018159559273618,1.502178158329578,6.58018091545943,3.8620904967386323,44,5
challenge,53,4,10.814119567435217,1.502178158329578,6.4594436509555875,3.822105476785973,45,6
honor,53,2,10.814119567435217,0.751089079164789,11.626998571720058,3.785666618217559,43,6
journey,53,5,10.814119567435217,1.8777226979119723,5.2849993507818445,3.744882739352974,40,7
filled,53,6,10.814119567435217,2.253267237494367,4.4719225275846375,3.6362390038661916,40,6
cherish,66,11,13.466639461334422,4.1309899354063395,3.1417936002412996,3.6131545122187765,46,7
patience,55,7,11.222199551112018,2.6288117770767614,4.020550907977964,3.6077331719463315,42,7
challenges,51,6,10.406039583758417,2.253267237494367,4.30474785365624,3.5385962033333542,40,8
i'd,44,2,8.977759640889614,0.751089079164789,9.671054886757805,3.486107034752628,40,3
step,51,7,10.406039583758417,2.6288117770767614,3.730781473168741,3.402761975794862,39,6
coffee,55,9,11.222199551112018,3.3799008562415502,3.1741191378773403,3.3231972782002224,43,8
ahead,41,4,8.365639665374413,1.502178158329578,5.010596476909474,3.2786850618375607,33,7
grow,50,8,10.201999591920016,3.004356316659156,3.227946277470384,3.1970498540458094,39,6
we've,40,5,8.161599673536013,1.8777226979119723,4.000793901059153,3.0900416425373955,30,6
hand,42,6,8.569679657212813,2.253267237494367,3.55246182097845,3.050014935343986,26,7
