word,times_in_drafts,times_removed,removal_rate
cozy,13,7,0.5384615384615384
profound,13,5,0.38461538461538464
storm,13,5,0.38461538461538464
corner,11,4,0.36363636363636365
reconnect,14,5,0.35714285714285715
under,18,6,0.3333333333333333
honor,53,17,0.32075471698113206
morning,16,5,0.3125
finds,16,5,0.3125
completely,13,4,0.3076923076923077
brighter,20,6,0.3
jokes,10,3,0.3
you'll,17,5,0.29411764705882354
closer,11,3,0.2727272727272727
turning,11,3,0.2727272727272727
caught,11,3,0.2727272727272727
facing,11,3,0.2727272727272727
darkest,12,3,0.25
watching,24,6,0.25
calm,12,3,0.25
fully,12,3,0.25
personal,12,3,0.25
nights,20,5,0.25
learn,30,7,0.23333333333333334
voice,13,3,0.23076923076923078
exciting,13,3,0.23076923076923078
whatever,18,4,0.2222222222222222
curiosity,18,4,0.2222222222222222
navigate,14,3,0.21428571428571427
behavior,19,4,0.21052631578947367
difference,19,4,0.21052631578947367
inspire,19,4,0.21052631578947367
same,19,4,0.21052631578947367
takes,10,2,0.2
finally,10,2,0.2
chats,10,2,0.2
warm,25,5,0.2
spirits,15,3,0.2
sympathy,30,6,0.2
found,15,3,0.2
instead,10,2,0.2
marriage,10,2,0.2
shine,15,3,0.2
cheering,15,3,0.2
especially,10,2,0.2
determination,15,3,0.2
coffee,55,11,0.2
challenge,53,10,0.18867924528301888
way,85,16,0.18823529411764706
hearts,16,3,0.1875
appreciation,16,3,0.1875
success,16,3,0.1875
still,43,8,0.18604651162790697
heartfelt,54,10,0.18518518518518517
them,27,5,0.18518518518518517
conversations,22,4,0.18181818181818182
properly,11,2,0.18181818181818182
wait,33,6,0.18181818181818182
very,11,2,0.18181818181818182
else,11,2,0.18181818181818182
tears,11,2,0.18181818181818182
countless,28,5,0.17857142857142858
presence,28,5,0.17857142857142858
stories,34,6,0.17647058823529413
week,17,3,0.17647058823529413
let's,40,7,0.175
whose,23,4,0.17391304347826086
over,52,9,0.17307692307692307
too,29,5,0.1724137931034483
five,12,2,0.16666666666666666
away,12,2,0.16666666666666666
passion,12,2,0.16666666666666666
community,12,2,0.16666666666666666
fortunate,18,3,0.16666666666666666
laughing,12,2,0.16666666666666666
behind,12,2,0.16666666666666666
great,24,4,0.16666666666666666
ways,12,2,0.16666666666666666
dedication,18,3,0.16666666666666666
visit,12,2,0.16666666666666666
gentle,30,5,0.16666666666666666
learning,12,2,0.16666666666666666
then,18,3,0.16666666666666666
think,24,4,0.16666666666666666
brightened,12,2,0.16666666666666666
change,12,2,0.16666666666666666
thinking,30,5,0.16666666666666666
into,140,23,0.16428571428571428
evening,31,5,0.16129032258064516
something,25,4,0.16
old,25,4,0.16
hello,25,4,0.16
yourself,44,7,0.1590909090909091
can't,63,10,0.15873015873015872
moment,126,20,0.15873015873015872
unwavering,114,18,0.15789473684210525
step,51,8,0.1568627450980392
light,32,5,0.15625
marketing,13,2,0.15384615384615385
seen,13,2,0.15384615384615385
tomorrow,13,2,0.15384615384615385
maybe,13,2,0.15384615384615385
afternoon,13,2,0.15384615384615385
warmly,13,2,0.15384615384615385
amends,13,2,0.15384615384615385
summer,13,2,0.15384615384615385
simple,13,2,0.15384615384615385
guide,13,2,0.15384615384615385
us,119,18,0.15126050420168066
i'll,20,3,0.15
spontaneous,20,3,0.15
yet,20,3,0.15
courage,27,4,0.14814814814814814
adventures,61,9,0.14754098360655737
soon,68,10,0.14705882352941177
sorrow,28,4,0.14285714285714285
toward,14,2,0.14285714285714285
recently,21,3,0.14285714285714285
heavy,14,2,0.14285714285714285
wanted,21,3,0.14285714285714285
some,21,3,0.14285714285714285
confidant,14,2,0.14285714285714285
exploring,14,2,0.14285714285714285
show,14,2,0.14285714285714285
steps,14,2,0.14285714285714285
genuine,14,2,0.14285714285714285
while,14,2,0.14285714285714285
lost,14,2,0.14285714285714285
where,21,3,0.14285714285714285
could,35,5,0.14285714285714285
grace,21,3,0.14285714285714285
ideas,14,2,0.14285714285714285
hours,14,2,0.14285714285714285
belief,14,2,0.14285714285714285
loved,21,3,0.14285714285714285
one,64,9,0.140625
friends,43,6,0.13953488372093023
brought,36,5,0.1388888888888889
i'd,44,6,0.13636363636363635
life's,22,3,0.13636363636363635
see,44,6,0.13636363636363635
humor,22,3,0.13636363636363635
his,119,16,0.13445378151260504
there,82,11,0.13414634146341464
all,194,26,0.13402061855670103
off,15,2,0.13333333333333333
brings,15,2,0.13333333333333333
celebrating,15,2,0.13333333333333333
both,30,4,0.13333333333333333
busy,15,2,0.13333333333333333
caring,15,2,0.13333333333333333
shaped,15,2,0.13333333333333333
okay,15,2,0.13333333333333333
journey,53,7,0.1320754716981132
late,53,7,0.1320754716981132
sharing,23,3,0.13043478260869565
chapter,23,3,0.13043478260869565
accept,23,3,0.13043478260869565
amazing,23,3,0.13043478260869565
resilience,23,3,0.13043478260869565
no,46,6,0.13043478260869565
mean,23,3,0.13043478260869565
committed,31,4,0.12903225806451613
encouragement,31,4,0.12903225806451613
feels,31,4,0.12903225806451613
smile,31,4,0.12903225806451613
friend,199,25,0.12562814070351758
apartment,16,2,0.125
plan,16,2,0.125
victories,16,2,0.125
soul,16,2,0.125
open,24,3,0.125
next,32,4,0.125
gave,16,2,0.125
endless,32,4,0.125
sincerely,56,7,0.125
chance,16,2,0.125
often,16,2,0.125
shared,89,11,0.12359550561797752
like,57,7,0.12280701754385964
celebrate,106,13,0.12264150943396226
gift,33,4,0.12121212121212122
talk,33,4,0.12121212121212122
own,33,4,0.12121212121212122
these,25,3,0.12
simply,25,3,0.12
made,59,7,0.11864406779661017
has,135,16,0.11851851851851852
much,93,11,0.11827956989247312
forget,17,2,0.11764705882352941
guiding,17,2,0.11764705882352941
loyalty,17,2,0.11764705882352941
out,51,6,0.11764705882352941
say,17,2,0.11764705882352941
fill,17,2,0.11764705882352941
an,77,9,0.11688311688311688
share,86,10,0.11627906976744186
believe,52,6,0.11538461538461539
thoughtful,26,3,0.11538461538461539
making,26,3,0.11538461538461539
matter,26,3,0.11538461538461539
deepest,26,3,0.11538461538461539
quiet,35,4,0.11428571428571428
home,44,5,0.11363636363636363
they,44,5,0.11363636363636363
filled,53,6,0.11320754716981132
catch,36,4,0.1111111111111111
speak,18,2,0.1111111111111111
reminded,27,3,0.1111111111111111
sincere,18,2,0.1111111111111111
go,18,2,0.1111111111111111
walk,18,2,0.1111111111111111
far,27,3,0.1111111111111111
warmth,64,7,0.109375
even,64,7,0.109375
give,37,4,0.10810810810810811
generosity,65,7,0.1076923076923077
of,641,69,0.10764430577223089
knew,28,3,0.10714285714285714
best,56,6,0.10714285714285714
together,132,14,0.10606060606060606
you're,85,9,0.10588235294117647
up,180,19,0.10555555555555556
loss,19,2,0.10526315789473684
favorite,19,2,0.10526315789473684
kind,19,2,0.10526315789473684
devotion,19,2,0.10526315789473684
shown,19,2,0.10526315789473684
pledge,19,2,0.10526315789473684
want,57,6,0.10526315789473684
comfort,67,7,0.1044776119402985
hear,67,7,0.1044776119402985
joy,106,11,0.10377358490566038
on,280,29,0.10357142857142858
doubt,29,3,0.10344827586206896
care,68,7,0.10294117647058823
bring,39,4,0.10256410256410256
a,714,73,0.10224089635854341
every,365,37,0.10136986301369863
crossed,10,1,0.1
move,20,2,0.1
park,10,1,0.1
heartbroken,10,1,0.1
which,10,1,0.1
fresh,10,1,0.1
deep,10,1,0.1
small,40,4,0.1
spend,10,1,0.1
dance,10,1,0.1
down,20,2,0.1
power,10,1,0.1
left,20,2,0.1
well,50,5,0.1
rewarding,10,1,0.1
incredibly,10,1,0.1
losing,10,1,0.1
wonderful,20,2,0.1
first,50,5,0.1
carry,20,2,0.1
family,81,8,0.09876543209876543
i've,102,10,0.09803921568627451
back,41,4,0.0975609756097561
bond,31,3,0.0967741935483871
touched,31,3,0.0967741935483871
make,62,6,0.0967741935483871
it's,83,8,0.0963855421686747
hey,42,4,0.09523809523809523
truly,63,6,0.09523809523809523
growth,21,2,0.09523809523809523
compassion,63,6,0.09523809523809523
reach,21,2,0.09523809523809523
treasure,21,2,0.09523809523809523
this,242,23,0.09504132231404959
that,455,43,0.0945054945054945
moments,85,8,0.09411764705882353
difficult,32,3,0.09375
means,32,3,0.09375
future,32,3,0.09375
true,32,3,0.09375
again,43,4,0.09302325581395349
our,388,36,0.09278350515463918
with,562,52,0.09252669039145907
new,119,11,0.09243697478991597
paths,11,1,0.09090909090909091
pride,11,1,0.09090909090909091
treating,11,1,0.09090909090909091
inspires,11,1,0.09090909090909091
extraordinary,11,1,0.09090909090909091
that's,11,1,0.09090909090909091
knowing,22,2,0.09090909090909091
honored,11,1,0.09090909090909091
known,11,1,0.09090909090909091
health,11,1,0.09090909090909091
only,33,3,0.09090909090909091
reminding,11,1,0.09090909090909091
but,77,7,0.09090909090909091
work,55,5,0.09090909090909091
built,11,1,0.09090909090909091
listening,33,3,0.09090909090909091
if,55,5,0.09090909090909091
little,22,2,0.09090909090909091
other's,11,1,0.09090909090909091
showing,11,1,0.09090909090909091
after,22,2,0.09090909090909091
lights,11,1,0.09090909090909091
recent,11,1,0.09090909090909091
blessing,11,1,0.09090909090909091
might,11,1,0.09090909090909091
heart,134,12,0.08955223880597014
just,67,6,0.08955223880597014
partner,34,3,0.08823529411764706
ready,34,3,0.08823529411764706
world,57,5,0.08771929824561403
grateful,57,5,0.08771929824561403
what,80,7,0.0875
in,665,58,0.08721804511278196
any,46,4,0.08695652173913043
than,81,7,0.08641975308641975
can,162,14,0.08641975308641975
or,151,13,0.08609271523178808
call,35,3,0.08571428571428572
doing,35,3,0.08571428571428572
have,269,23,0.08550185873605948
by,164,14,0.08536585365853659
so,141,12,0.0851063829787234
gratitude,47,4,0.0851063829787234
someone,47,4,0.0851063829787234
lives,47,4,0.0851063829787234
who,71,6,0.08450704225352113
devoted,12,1,0.08333333333333333
taught,12,1,0.08333333333333333
overcome,12,1,0.08333333333333333
needed,24,2,0.08333333333333333
set,12,1,0.08333333333333333
seeing,12,1,0.08333333333333333
take,96,8,0.08333333333333333
conversation,12,1,0.08333333333333333
ear,24,2,0.08333333333333333
reminds,12,1,0.08333333333333333
express,36,3,0.08333333333333333
there's,12,1,0.08333333333333333
feel,108,9,0.08333333333333333
triumph,12,1,0.08333333333333333
sessions,12,1,0.08333333333333333
felt,36,3,0.08333333333333333
it,193,16,0.08290155440414508
would,49,4,0.08163265306122448
long,49,4,0.08163265306122448
dreams,74,6,0.08108108108108109
faith,25,2,0.08
hard,25,2,0.08
realize,25,2,0.08
met,38,3,0.07894736842105263
always,153,12,0.0784313725490196
forward,115,9,0.0782608695652174
past,26,2,0.07692307692307693
rest,13,1,0.07692307692307693
gather,13,1,0.07692307692307693
lift,13,1,0.07692307692307693
keep,52,4,0.07692307692307693
many,39,3,0.07692307692307693
once,13,1,0.07692307692307693
continue,13,1,0.07692307692307693
unexpected,13,1,0.07692307692307693
night,52,4,0.07692307692307693
regret,39,3,0.07692307692307693
catching,13,1,0.07692307692307693
missing,13,1,0.07692307692307693
triumphs,13,1,0.07692307692307693
michael,13,1,0.07692307692307693
whenever,39,3,0.07692307692307693
i'm,157,12,0.07643312101910828
cherish,66,5,0.07575757575757576
through,132,10,0.07575757575757576
we,384,29,0.07552083333333333
need,80,6,0.075
we've,40,3,0.075
memory,27,2,0.07407407407407407
don't,27,2,0.07407407407407407
stay,27,2,0.07407407407407407
been,204,15,0.07352941176470588
kindness,165,12,0.07272727272727272
everyone,69,5,0.07246376811594203
hand,42,3,0.07142857142857142
feeling,14,1,0.07142857142857142
alone,56,4,0.07142857142857142
role,14,1,0.07142857142857142
boundless,14,1,0.07142857142857142
progress,14,1,0.07142857142857142
helped,14,1,0.07142857142857142
before,28,2,0.07142857142857142
mistake,14,1,0.07142857142857142
cherished,14,1,0.07142857142857142
happy,42,3,0.07142857142857142
believing,14,1,0.07142857142857142
right,57,4,0.07017543859649122
look,43,3,0.06976744186046512
will,173,12,0.06936416184971098
love,318,22,0.06918238993710692
going,29,2,0.06896551724137931
weekend,29,2,0.06896551724137931
are,160,11,0.06875
he,73,5,0.0684931506849315
is,147,10,0.06802721088435375
each,118,8,0.06779661016949153
and,2414,163,0.06752278376139188
your,1172,79,0.0674061433447099
effort,15,1,0.06666666666666667
couldn't,15,1,0.06666666666666667
legacy,15,1,0.06666666666666667
loving,15,1,0.06666666666666667
what's,15,1,0.06666666666666667
time,165,11,0.06666666666666667
vow,45,3,0.06666666666666667
news,15,1,0.06666666666666667
understanding,30,2,0.06666666666666667
inspired,15,1,0.06666666666666667
was,150,10,0.06666666666666667
strong,15,1,0.06666666666666667
remember,105,7,0.06666666666666667
most,30,2,0.06666666666666667
now,76,5,0.06578947368421052
years,61,4,0.06557377049180328
since,46,3,0.06521739130434782
memories,93,6,0.06451612903225806
words,62,4,0.06451612903225806
when,203,13,0.06403940886699508
never,94,6,0.06382978723404255
laughter,158,10,0.06329113924050633
to,1713,108,0.06304728546409807
sunrise,16,1,0.0625
days,112,7,0.0625
sense,16,1,0.0625
beside,16,1,0.0625
already,16,1,0.0625
embrace,16,1,0.0625
wisdom,16,1,0.0625
another,16,1,0.0625
thanks,16,1,0.0625
trip,16,1,0.0625
whether,32,2,0.0625
trips,16,1,0.0625
impact,16,1,0.0625
laugh,32,2,0.0625
got,32,2,0.0625
my,778,48,0.061696658097686374
last,65,4,0.06153846153846154
spirit,82,5,0.06097560975609756
the,1216,74,0.06085526315789474
deeply,99,6,0.06060606060606061
find,66,4,0.06060606060606061
day,133,8,0.06015037593984962
strength,84,5,0.05952380952380952
remind,34,2,0.058823529411764705
lifted,17,1,0.058823529411764705
build,17,1,0.058823529411764705
path,17,1,0.058823529411764705
fills,17,1,0.058823529411764705
challenging,17,1,0.058823529411764705
apology,17,1,0.058823529411764705
him,34,2,0.058823529411764705
understand,34,2,0.058823529411764705
lucky,17,1,0.058823529411764705
rebuild,17,1,0.058823529411764705
unforgettable,17,1,0.058823529411764705
be,139,8,0.05755395683453238
you've,122,7,0.05737704918032787
how,247,14,0.05668016194331984
please,107,6,0.056074766355140186
dream,18,1,0.05555555555555555
letter,18,1,0.05555555555555555
forever,36,2,0.05555555555555555
saddened,18,1,0.05555555555555555
generous,18,1,0.05555555555555555
passing,36,2,0.05555555555555555
pain,37,2,0.05405405405405406
such,37,2,0.05405405405405406
me,509,27,0.05304518664047151
you,1742,92,0.05281285878300804
choose,19,1,0.05263157894736842
between,19,1,0.05263157894736842
big,19,1,0.05263157894736842
may,95,5,0.05263157894736842
willingness,19,1,0.05263157894736842
dear,133,7,0.05263157894736842
turn,19,1,0.05263157894736842
helping,19,1,0.05263157894736842
trust,77,4,0.05194805194805195
everything,58,3,0.05172413793103448
from,136,7,0.051470588235294115
good,39,2,0.05128205128205128
life,179,9,0.05027932960893855
person,40,2,0.05
high,20,1,0.05
not,101,5,0.04950495049504951
ahead,41,2,0.04878048780487805
about,125,6,0.048
thoughts,21,1,0.047619047619047616
bright,21,1,0.047619047619047616
sorry,42,2,0.047619047619047616
without,42,2,0.047619047619047616
team,21,1,0.047619047619047616
project,21,1,0.047619047619047616
am,191,9,0.04712041884816754
know,197,9,0.04568527918781726
their,22,1,0.045454545454545456
miss,22,1,0.045454545454545456
beautiful,22,1,0.045454545454545456
also,22,1,0.045454545454545456
because,22,1,0.045454545454545456
were,68,3,0.04411764705882353
support,160,7,0.04375
remarkable,23,1,0.043478260869565216
forgive,23,1,0.043478260869565216
special,23,1,0.043478260869565216
beyond,23,1,0.043478260869565216
as,187,8,0.0427807486631016
caused,47,2,0.0425531914893617
for,592,25,0.04222972972972973
started,24,1,0.041666666666666664
proud,24,1,0.041666666666666664
help,48,2,0.041666666666666664
during,49,2,0.04081632653061224
grow,50,2,0.04
birthday,51,2,0.0392156862745098
hope,154,6,0.03896103896103896
i,1721,67,0.0389308541545613
today,130,5,0.038461538461538464
offering,26,1,0.038461538461538464
road,26,1,0.038461538461538464
at,139,5,0.03597122302158273
confidence,28,1,0.03571428571428571
face,28,1,0.03571428571428571
did,28,1,0.03571428571428571
year,28,1,0.03571428571428571
though,29,1,0.034482758620689655
things,58,2,0.034482758620689655
being,59,2,0.03389830508474576
around,30,1,0.03333333333333333
hold,30,1,0.03333333333333333
better,32,1,0.03125
respect,32,1,0.03125
come,33,1,0.030303030303030304
times,33,1,0.030303030303030304
more,132,4,0.030303030303030304
those,66,2,0.030303030303030304
let,67,2,0.029850746268656716
promise,101,3,0.0297029702970297
lean,34,1,0.029411764705882353
here,104,3,0.028846153846153848
adventure,35,1,0.02857142857142857
incredible,35,1,0.02857142857142857
here's,35,1,0.02857142857142857
anything,36,1,0.027777777777777776
had,36,1,0.027777777777777776
lately,36,1,0.027777777777777776
room,37,1,0.02702702702702703
ever,38,1,0.02631578947368421
side,81,2,0.024691358024691357
thank,128,3,0.0234375
challenges,51,1,0.0196078431372549
her,108,2,0.018518518518518517
patience,55,1,0.01818181818181818
listen,56,1,0.017857142857142856
stand,59,1,0.01694915254237288
friendship,66,1,0.015151515151515152
saw,14,0,0.0
condolences,14,0,0.0
cheers,14,0,0.0
happiness,21,0,0.0
lifetime,15,0,0.0
other,31,0,0.0
missed,10,0,0.0
few,12,0,0.0
sit,11,0,0.0
actions,36,0,0.0
recognize,11,0,0.0
stepped,10,0,0.0
writing,38,0,0.0
opportunity,15,0,0.0
shoulder,18,0,0.0
appreciate,27,0,0.0
across,13,0,0.0
greatest,30,0,0.0
do,38,0,0.0
taking,14,0,0.0
apologize,31,0,0.0
full,34,0,0.0
honesty,23,0,0.0
nurture,17,0,0.0
should,11,0,0.0
happened,13,0,0.0
holding,10,0,0.0
relationship,29,0,0.0
short,10,0,0.0
deserve,28,0,0.0
imagine,11,0,0.0
hurtful,10,0,0.0
guidance,17,0,0.0
she,71,0,0.0
lot,14,0,0.0
looking,23,0,0.0
heal,11,0,0.0
two,20,0,0.0
ago,12,0,0.0
free,14,0,0.0
really,17,0,0.0
get,25,0,0.0
peace,30,0,0.0
wish,31,0,0.0
offer,23,0,0.0
god,13,0,0.0
advice,10,0,0.0
value,43,0,0.0
created,11,0,0.0
spent,18,0,0.0
must,12,0,0.0
moving,23,0,0.0
rock,10,0,0.0
video,10,0,0.0
meant,22,0,0.0
live,10,0,0.0
part,11,0,0.0
chase,11,0,0.0
hearing,12,0,0.0
people,15,0,0.0
feelings,19,0,0.0
stress,16,0,0.0
patient,10,0,0.0
until,20,0,0.0
close,10,0,0.0
letting,12,0,0.0
above,12,0,0.0
living,12,0,0.0
emily,12,0,0.0
source,11,0,0.0
overwhelmed,16,0,0.0
schedule,12,0,0.0
responsibility,22,0,0.0
dreaming,12,0,0.0
stronger,17,0,0.0
hurt,32,0,0.0
meet,13,0,0.0
place,10,0,0.0
standing,19,0,0.0
victory,10,0,0.0
thought,12,0,0.0
working,10,0,0.0
father,11,0,0.0
ease,10,0,0.0
prayers,12,0,0.0
raise,15,0,0.0
growing,13,0,0.0
building,12,0,0.0
myself,25,0,0.0
offered,13,0,0.0
return,11,0,0.0
showed,16,0,0.0
tough,15,0,0.0
others,15,0,0.0
talks,12,0,0.0
hesitation,10,0,0.0
projects,11,0,0.0
enough,18,0,0.0
milestone,16,0,0.0
become,20,0,0.0
man,10,0,0.0
job,22,0,0.0
overwhelming,13,0,0.0
imagined,10,0,0.0
school,13,0,0.0
sister,10,0,0.0
