participant_id,control_tokens,control_unique_words,TTR,MTLD,Yules_K,mean_WER,mean_LUAR_similarity_before,mean_LUAR_similarity_after,mean_delta_similarity,number_of_control_responses,number_of_treatment_responses
03acc614-1708-42a6-b142-9ef7a0f0ce4e,320,154,0.48125,62.609310902864024,153.125,0.08437279718981024,0.48723359405994415,0.5170417949557304,0.029808200895786285,2,4
06285a67-fbc5-4673-9f1b-3e20aff3562f,330,157,0.47575757575757577,73.08800026093479,152.24977043158862,0.0456989247311828,0.4790708087384701,0.48582250997424126,0.006751701235771179,2,4
0a303467-79b1-4641-9591-8c3a36f50413,353,183,0.5184135977337111,73.98418423454828,126.95712187723198,0.057234994734994736,0.5467863865196705,0.565711859613657,0.01892547309398651,2,4
0c529ac4-63ef-47e4-a8be-91a12f63242d,337,167,0.49554896142433236,62.906666666666666,148.4560047195978,0.0478117937127594,0.4265008829534054,0.4356496185064316,0.0091487355530262,2,4
0d91417f-a097-424f-bf12-77b98654c26c,334,183,0.5479041916167665,90.24901659881445,110.2585248664348,0.04127006733287442,0.5385914966464043,0.5758861899375916,0.037294693291187286,2,4
0e4ed97b-533a-4c35-9268-2610361186c3,303,178,0.5874587458745875,106.8852016154722,111.75374963238899,0.02616285856769379,0.6164302229881287,0.6295548118650913,0.013124588876962662,2,4
1460c925-65dc-4f85-9bee-a3029020dd78,302,143,0.4735099337748344,68.4307116104869,125.21380641199947,0.11204050682507333,0.52230204641819,0.5905678384006023,0.06826579198241234,2,4
16e11b3b-7143-40ed-ba2c-c94e96d5be86,320,151,0.471875,60.35895392487889,167.1875,0.08916482685783525,0.42185748368501663,0.46389351785182953,0.0420360341668129,2,4
1a25aba9-d542-49a4-94df-900c081551b6,307,153,0.498371335504886,50.81595194446352,146.4206516780019,0.0571021571021571,0.5210072994232178,0.559838879853487,0.03883158043026924,2,4
1a6bc3bd-868e-47cf-970d-67cf7d516465,348,155,0.4454022988505747,56.488172969248,165.80790064737747,0.0881214191665777,0.5455351509153843,0.5698776580393314,0.024342507123947144,2,4
1b97dea3-013d-476c-96a6-49d2960c7c99,307,139,0.4527687296416938,59.14264705882353,115.86329828433193,0.01844945594945595,0.5103990212082863,0.5120438747107983,0.0016448535025119781,2,4
1f506d3f-b34d-4657-9820-ef232904554d,303,172,0.5676567656765676,82.37737529691212,106.96119116862181,0.045774951723906825,0.6041562929749489,0.6381136029958725,0.033957310020923615,2,4
21d20b0e-b89e-42a8-b0bb-cb8b2d2e35df,304,149,0.4901315789473684,64.69247968744764,163.8244459833795,0.08450755224630715,0.5943983122706413,0.6123790815472603,0.017980769276618958,2,4
28bc03dc-f524-4a10-b9aa-4368bd13df42,539,242,0.4489795918367347,58.441706236873344,105.46569783251469,0.0033445190156599553,0.506151095032692,0.5060304254293442,-0.00012066960334777832,2,4
2af273f2-bea4-4638-9cd7-4a8d3a0b8f26,303,174,0.5742574257425742,46.94204545454545,98.46529207376183,0.026231434542229065,0.5612359829246998,0.5734002776443958,0.012164294719696045,2,4
32a9cad7-5b1c-480f-832c-1cedb782d226,325,197,0.6061538461538462,104.23566168470063,108.11834319526628,0.1821638146644637,0.5279839597642422,0.6151440218091011,0.08716006204485893,2,4
354ff2f3-d1e5-40ee-9b32-f1c81c5d4df5,378,186,0.49206349206349204,69.32058823529411,142.77315864617452,0.454219957192643,0.45043284446001053,0.5124892666935921,0.06205642223358154,2,4
357b9f78-df87-4775-a67e-9a41bebbc02f,351,182,0.5185185185185185,61.20836184660736,105.51862403714256,0.2487278361266781,0.40492991730570793,0.47898169979453087,0.07405178248882294,2,4
36f7c04d-9eb6-41fa-ae60-a6ad6fa1c429,342,165,0.4824561403508772,64.9406896551724,140.04309018159432,0.17222468971303082,0.5951595827937126,0.6543524339795113,0.059192851185798645,2,4
379876ef-ea66-4914-90c7-052d13ad9036,304,166,0.5460526315789473,91.9679605668515,101.93040166204986,0.0434248578306853,0.5836244225502014,0.5957295000553131,0.012105077505111694,2,4
417a64ff-e3b5-45c1-a926-83e8b3897840,298,138,0.46308724832214765,42.504702194357364,214.1795414620963,0.02087987093571606,0.5011522322893143,0.5043880194425583,0.0032357871532440186,2,4
47936247-3b3b-4aec-a540-0199ded5b35f,351,186,0.5299145299145299,78.975,107.46666017321289,0.7929771089882854,0.5142714306712151,0.66922577470541,0.15495434403419495,2,4
4cc3c761-a0ef-4a7d-b572-f933d9f34d7e,306,146,0.477124183006536,57.09896907216495,176.0006834978,0.2450201825201825,0.4801913872361183,0.5294245183467865,0.04923313111066818,2,4
4d13e808-d845-407b-8891-abc4bbd755a3,304,144,0.47368421052631576,59.921387283236996,164.6900969529086,0.08914481848702173,0.546117901802063,0.5610953755676746,0.014977473765611649,2,4
54b36269-e8c7-475b-8d5c-8d028a523f32,312,151,0.483974358974359,58.72310452845108,171.35108481262327,0.08533632951126822,0.49299581348896027,0.5115455240011215,0.018549710512161255,2,4
572392a4-224e-4261-ad20-1c06fabc9220,302,153,0.5066225165562914,66.94064584244161,128.72242445506777,0.0,0.36326999962329865,0.36326999962329865,0.0,2,4
57f6eb08-1334-4d1d-b32e-7ead2fae69b5,306,147,0.4803921568627451,56.51393568147014,129.8645819983767,0.06397912736273895,0.5170139335095882,0.5385265871882439,0.021512653678655624,2,4
58a194df-223f-48a6-b63e-6dd56c0f2b57,353,168,0.47592067988668557,61.2017806512587,134.5007182466756,0.5378365498229236,0.43251190334558487,0.5107480175793171,0.07823611423373222,2,4
5ebe55d9-ec28-4e1f-bba3-3e309275a847,310,146,0.47096774193548385,57.74655888136334,214.15192507804372,0.4096944721944722,0.4421696215867996,0.5924221724271774,0.1502525508403778,2,4
6003984f-f1dd-4a12-a9fb-e0031f48832d,309,172,0.5566343042071198,107.3813024689988,102.84768697437187,0.03204696569830158,0.4910683073103428,0.563882015645504,0.07281370833516121,2,4
601a6b65-1891-482f-ba3c-46db6c722f4a,345,194,0.5623188405797102,79.8305781886556,103.50766645662677,0.1515955818375173,0.5463442020118237,0.561175175011158,0.014830972999334335,2,4
633b5061-eafb-439d-acc4-be045cbf249b,355,207,0.5830985915492958,102.07884306237187,82.99940487998413,0.7593664589474928,0.5475216843187809,0.6334699541330338,0.08594826981425285,2,4
6998773e-d1b4-4b6d-ac29-f75d132ecb89,314,159,0.5063694267515924,76.1468824940048,100.8154489025924,0.04972444685643827,0.5200495645403862,0.5423360913991928,0.02228652685880661,2,4
6c6c9fd2-8452-4e83-975b-1b6a489f13eb,303,151,0.49834983498349833,57.910650887573965,160.33286496966528,0.04629788747951441,0.5329075492918491,0.5436124168336391,0.010704867541790009,2,4
6c9db161-b8da-48f4-a9ba-f740f5ab9d93,405,191,0.47160493827160493,73.31973539140022,105.95945739978661,0.011509504987765857,0.49196017533540726,0.495401993393898,0.003441818058490753,2,4
702965f6-e3c0-4fd0-beab-2b57d2e90797,310,187,0.603225806451613,155.0,80.33298647242455,0.6063778520849725,0.4795430935919285,0.5959459543228149,0.11640286073088646,2,4
70d867de-7bf1-479e-b0df-f2791efc2269,304,165,0.5427631578947368,73.82599413878424,112.75103878116343,0.2960278729374408,0.5041054524481297,0.6257324069738388,0.12162695452570915,2,4
79e9c336-6d58-4da1-a022-64dc69586c6e,408,204,0.5,79.69349693251534,121.46770472895041,0.8515014283859239,0.43713148683309555,0.5735401473939419,0.13640866056084633,2,4
7e876183-c6fa-4de5-b0b3-4e06019dc486,313,180,0.5750798722044729,95.09253096540641,82.6792148536782,0.10399987321676626,0.5872278586030006,0.6036980152130127,0.016470156610012054,2,4
87c461ed-6bbd-4205-b25a-1d517a9a16e5,321,180,0.5607476635514018,88.5918474065845,98.79562504245882,0.241686456340934,0.5511867366731167,0.53050971403718,-0.020677022635936737,2,4
8891e9bd-553c-4445-8692-af9aa1df345b,316,167,0.5284810126582279,69.59417420814479,123.57795225124178,0.20465649926168308,0.48419809713959694,0.5315189473330975,0.04732085019350052,2,4
8ae99e0d-dea4-4a4b-accb-1145d983f09a,318,135,0.42452830188679247,59.625,132.312804082117,0.22014993288285212,0.4618232436478138,0.5141698829829693,0.05234663933515549,2,4
8ba8d7da-bbcf-44c8-8887-d6b083446deb,326,157,0.4815950920245399,59.23139901034638,165.7947231736234,0.09749815667509329,0.5213991589844227,0.5370875336229801,0.015688374638557434,2,4
8c1d839b-8bda-45bf-a466-1ecd1270be13,290,160,0.5517241379310345,82.43422939407819,97.50297265160523,0.40964481731204816,0.421695489436388,0.47136472910642624,0.04966923967003822,2,4
93919296-449e-4498-9198-8f21282f387e,308,164,0.5324675324675324,82.4729981943639,109.41980097824253,0.004748338081671415,0.4979727864265442,0.501275435090065,0.003302648663520813,2,4
93d4e6ef-1df0-4690-a934-51f2ff067a1f,329,166,0.5045592705167173,61.449586776859505,135.62328507681931,0.022727272727272728,0.5359160043299198,0.5395409427583218,0.003624938428401947,2,4
946ad540-3b18-4f52-96e9-9134d4ec9878,393,198,0.5038167938931297,82.06168018043402,120.16911731380586,0.25230202652499933,0.591687299311161,0.6514117494225502,0.05972445011138916,2,4
9473c36d-e078-4a5b-a106-a4de719f1c1b,330,183,0.5545454545454546,94.58473785589598,93.29660238751148,0.05424432015490587,0.5450530909001827,0.5595983602106571,0.014545269310474396,2,4
95648190-a022-43f7-a299-7d7c22e55289,311,161,0.5176848874598071,68.37853716656909,116.62410438270904,0.4789276256492711,0.44982360675930977,0.5476453006267548,0.09782169386744499,2,4
99d7de62-94ed-4cc5-99bf-dbb5974df705,532,276,0.518796992481203,131.53644442905238,95.39827011136865,1.0126005844509385,0.7946585044264793,0.865789383649826,0.07113087922334671,2,4
9c117e71-7c5a-42b2-8767-9a3cbedc17d9,302,161,0.5331125827814569,93.77168949771689,126.74882680584184,0.08894519894519895,0.5877201743423939,0.6155348122119904,0.02781463786959648,2,4
9d164220-c497-48ff-8497-55c050213e55,306,164,0.5359477124183006,90.87434554973822,97.18484343628519,0.1072574012587498,0.42161257192492485,0.4418525733053684,0.020240001380443573,2,4
a03e9b46-d5c1-401e-ba35-3746d2880c76,294,153,0.5204081632653061,79.85806186695868,121.70854736452404,0.1643884826300034,0.5338123440742493,0.5620700865983963,0.028257742524147034,2,4
a1a47852-cad9-495d-a871-6797dc780d4f,324,129,0.39814814814814814,40.689252336448604,212.23898795915258,0.17675635344399646,0.5666234493255615,0.6123236492276192,0.04570019990205765,2,4
a65fbf73-ac73-4c89-8477-fe2768a27dd5,308,173,0.5616883116883117,74.19417118013338,140.83319278124472,0.006350968060180047,0.46046338975429535,0.47709839418530464,0.016635004431009293,2,4
a66edf01-fecd-4939-a982-b7c6684d7a29,299,158,0.5284280936454849,80.63759848812222,107.82877149025178,0.014831223628691983,0.6061583906412125,0.6217571720480919,0.015598781406879425,2,4
ad73f9f4-5813-4fcc-b875-4ccc998f95b7,319,145,0.45454545454545453,50.3386524822695,169.8096520277906,0.0163314528656692,0.5285446234047413,0.5610345043241978,0.03248988091945648,2,4
b417dba7-2b67-4496-b985-fc67c15aa748,312,172,0.5512820512820513,82.08061749571183,87.73011176857331,0.26270643857762527,0.5965216048061848,0.6475582793354988,0.05103667452931404,2,4
bcf3699f-b36e-4652-a117-7e1de296c0f3,319,170,0.5329153605015674,107.50386249517189,100.03832509507572,0.07739962781121318,0.5303549878299236,0.5697002746164799,0.039345286786556244,2,4
c457e22c-d7ad-4ba6-a5eb-457b445a6415,322,162,0.5031055900621118,73.57158768732279,132.71092936229311,0.18518476773446124,0.5697097107768059,0.6142926439642906,0.04458293318748474,2,4
c558e2d5-8448-41bb-9b4d-279a0ac50263,298,183,0.6140939597315436,125.76715176715177,80.62699878383856,0.2447300204785235,0.5357981249690056,0.557190541177988,0.021392416208982468,2,4
c649bdf1-c479-449c-91bb-eb0986daa185,467,205,0.43897216274089934,60.48428814082767,169.1052735351164,0.1384759246601352,0.5830711387097836,0.5996690168976784,0.01659787818789482,2,4
c95c8274-9889-4d96-b769-5af9729da064,342,162,0.47368421052631576,49.42734292734292,178.34547382100476,0.19019874534580417,0.4850201681256294,0.5904306098818779,0.10541044175624847,2,4
c9afe4ed-b46e-4919-a89b-9c3639640775,298,150,0.5033557046979866,80.10195247489199,134.0029728390613,0.03952713952713952,0.5323698557913303,0.5550535768270493,0.022683721035718918,2,4
cb6b9158-75df-42e4-92ac-d2e2d03e66a7,330,138,0.41818181818181815,47.142857142857146,229.20110192837467,0.016388373531230675,0.5778835713863373,0.5786731913685799,0.0007896199822425842,2,4
d1850bd6-2dc4-4a79-9b27-da09d1ccb338,306,138,0.45098039215686275,44.9022782903408,193.30172156008373,0.2842400365943479,0.5604816675186157,0.6106440238654613,0.05016235634684563,2,4
d1df814b-04d7-45ef-afa9-19333672b460,344,175,0.5087209302325582,60.24699453551913,148.8980530016225,0.00487012987012987,0.4194655790925026,0.42038773372769356,0.0009221546351909637,2,4
df299e8f-5085-44ff-95c9-6de38dbb72a4,301,147,0.4883720930232558,61.495695364238415,153.41994017726074,0.08744571104307222,0.4296450763940811,0.46905141323804855,0.03940633684396744,2,4
e04e957f-4182-4050-8a59-10c546f3c4be,308,186,0.6038961038961039,111.77031089259711,111.52808230730308,0.19657886118060464,0.5297678373754025,0.6148590594530106,0.08509122207760811,2,4
e181c353-09f4-402b-b7e5-c62f87df85f5,333,159,0.4774774774774775,76.75285825646355,108.75740605470335,0.07757204548355144,0.4741092026233673,0.5134812816977501,0.03937207907438278,2,4
e796692a-297a-495e-a059-f32263c2c073,379,199,0.525065963060686,93.31746662271556,114.73047388976686,0.47663823300935915,0.4437800534069538,0.5214399173855782,0.07765986397862434,2,4
e914a063-af74-4e82-9fae-a27aa34cf284,306,168,0.5490196078431373,94.58720930232558,98.6799948737665,0.0,0.5954748094081879,0.6003686711192131,0.004893861711025238,2,4
e9c4bc43-6f2f-4b3f-8ab0-f20947fd04f9,297,159,0.5353535353535354,80.84228971962617,103.61754469498577,0.1732698229686352,0.49609434232115746,0.5458764880895615,0.04978214576840401,2,4
ec874e47-e1e7-400a-b8c2-057063b54e63,296,149,0.5033783783783784,108.02293753599595,112.3082542001461,0.2,0.6535551697015762,0.6601263284683228,0.006571158766746521,2,4
edb2f8e7-ab70-4257-8246-bf4352832807,319,161,0.5047021943573667,70.29366396466024,121.85414844586826,0.1371212293280498,0.4270757772028446,0.4463399685919285,0.019264191389083862,2,4
f34cb204-36d3-4051-9ae0-0969882d1cda,350,154,0.44,56.837633930311526,147.10204081632654,0.017006802721088437,0.4923046641051769,0.49319808185100555,0.0008934177458286285,2,4
f35a5d38-18e0-4c01-8a53-13fc23a63680,319,163,0.5109717868338558,59.108823529411765,150.1557571171667,0.14155998241798168,0.5017739906907082,0.5842427015304565,0.08246871083974838,2,4
f5d09877-f461-4169-a291-79c17218071d,335,152,0.4537313432835821,56.21955079316657,142.39251503675652,0.032533163485544435,0.5114519968628883,0.5146449282765388,0.0031929314136505127,2,4
f7e55f3c-94b2-4e45-b8c2-e0ef967715ae,309,174,0.5631067961165048,83.79250142524886,84.20523454928205,0.09779743928204702,0.6527071595191956,0.6596997007727623,0.006992541253566742,2,4
fd93ee7a-8e03-4ead-8a80-9847e589e01e,318,139,0.4371069182389937,54.314005610512325,184.72370554962225,0.08386468065973592,0.5456715784966946,0.5536496862769127,0.007978107780218124,2,4
fe48cc42-b6f0-41a3-b2a0-0c3a1d733997,293,146,0.49829351535836175,77.7771556368148,117.64842921874454,0.022727272727272728,0.5432698279619217,0.5351709574460983,-0.008098870515823364,2,4
