participant_id,response_id,scenario,WER,LUAR_similarity_before,LUAR_similarity_after,delta_similarity
03acc614-1708-42a6-b142-9ef7a0f0ce4e,0,thank,0.12987012987012986,0.5377920567989349,0.6011472940444946,0.06335523724555969
03acc614-1708-42a6-b142-9ef7a0f0ce4e,1,wedding,0.02027027027027027,0.501747727394104,0.5009182840585709,-0.0008294433355331421
03acc614-1708-42a6-b142-9ef7a0f0ce4e,2,apology,0.16339869281045752,0.47325344383716583,0.5212557017803192,0.04800225794315338
03acc614-1708-42a6-b142-9ef7a0f0ce4e,3,letter,0.023952095808383235,0.43614114820957184,0.44484589993953705,0.00870475172996521
06285a67-fbc5-4673-9f1b-3e20aff3562f,0,wedding,0.06,0.4270911067724228,0.43324750661849976,0.006156399846076965
06285a67-fbc5-4673-9f1b-3e20aff3562f,1,speech,0.11612903225806452,0.48522035777568817,0.5062809884548187,0.021060630679130554
06285a67-fbc5-4673-9f1b-3e20aff3562f,2,condolence,0.006666666666666667,0.5658796429634094,0.5656694173812866,-0.00021022558212280273
06285a67-fbc5-4673-9f1b-3e20aff3562f,3,eulogy,0.0,0.4380921274423599,0.4380921274423599,0.0
0a303467-79b1-4641-9591-8c3a36f50413,2,reassurance,0.0,0.4911407381296158,0.4911407381296158,0.0
0a303467-79b1-4641-9591-8c3a36f50413,3,wedding,0.0,0.5377922058105469,0.5377922058105469,0.0
0a303467-79b1-4641-9591-8c3a36f50413,4,thank,0.20945945945945946,0.6344931721687317,0.7095057964324951,0.07501262426376343
0a303467-79b1-4641-9591-8c3a36f50413,5,speech,0.01948051948051948,0.5237194299697876,0.5244086980819702,0.0006892681121826172
0c529ac4-63ef-47e4-a8be-91a12f63242d,2,speech,0.11464968152866242,0.39632873237133026,0.40443049371242523,0.00810176134109497
0c529ac4-63ef-47e4-a8be-91a12f63242d,3,condolence,0.012903225806451613,0.46387410163879395,0.4669569730758667,0.003082871437072754
0c529ac4-63ef-47e4-a8be-91a12f63242d,4,reassurance,0.06369426751592357,0.3523201197385788,0.37773042917251587,0.025410309433937073
0c529ac4-63ef-47e4-a8be-91a12f63242d,5,apology,0.0,0.4934805780649185,0.4934805780649185,0.0
0d91417f-a097-424f-bf12-77b98654c26c,2,letter,0.07407407407407407,0.5061061084270477,0.5773570537567139,0.07125094532966614
0d91417f-a097-424f-bf12-77b98654c26c,3,wedding,0.026490066225165563,0.5283537209033966,0.5867341458797455,0.05838042497634888
0d91417f-a097-424f-bf12-77b98654c26c,4,apology,0.06451612903225806,0.5682729482650757,0.5878203511238098,0.01954740285873413
0d91417f-a097-424f-bf12-77b98654c26c,5,reassurance,0.0,0.551633208990097,0.551633208990097,0.0
0e4ed97b-533a-4c35-9268-2610361186c3,0,speech,0.044585987261146494,0.6769058704376221,0.674793928861618,-0.0021119415760040283
0e4ed97b-533a-4c35-9268-2610361186c3,1,apology,0.019867549668874173,0.4977671504020691,0.5411987155675888,0.043431565165519714
0e4ed97b-533a-4c35-9268-2610361186c3,2,letter,0.027210884353741496,0.5433728098869324,0.5662539303302765,0.022881120443344116
0e4ed97b-533a-4c35-9268-2610361186c3,3,wedding,0.012987012987012988,0.7476750612258911,0.735972672700882,-0.011702388525009155
1460c925-65dc-4f85-9bee-a3029020dd78,2,condolence,0.10828025477707007,0.5442665666341782,0.5768198370933533,0.03255327045917511
1460c925-65dc-4f85-9bee-a3029020dd78,3,wedding,0.0,0.4792231470346451,0.5291000455617905,0.049876898527145386
1460c925-65dc-4f85-9bee-a3029020dd78,4,speech,0.1610738255033557,0.5137981027364731,0.5807920396327972,0.06699393689632416
1460c925-65dc-4f85-9bee-a3029020dd78,5,thank,0.17880794701986755,0.5519203692674637,0.6755594313144684,0.1236390620470047
16e11b3b-7143-40ed-ba2c-c94e96d5be86,0,wedding,0.1464968152866242,0.3605082482099533,0.4373753070831299,0.07686705887317657
16e11b3b-7143-40ed-ba2c-c94e96d5be86,1,speech,0.07092198581560284,0.423769935965538,0.45820707082748413,0.034437134861946106
16e11b3b-7143-40ed-ba2c-c94e96d5be86,2,condolence,0.0,0.5211039632558823,0.5211039632558823,0.0
16e11b3b-7143-40ed-ba2c-c94e96d5be86,3,letter,0.13924050632911392,0.38204778730869293,0.43888773024082184,0.056839942932128906
1a25aba9-d542-49a4-94df-900c081551b6,2,speech,0.038461538461538464,0.5236179083585739,0.6122852265834808,0.08866731822490692
1a25aba9-d542-49a4-94df-900c081551b6,3,wedding,0.07142857142857142,0.49347078800201416,0.5207177847623825,0.027246996760368347
1a25aba9-d542-49a4-94df-900c081551b6,4,condolence,0.018518518518518517,0.5109594017267227,0.5205850005149841,0.009625598788261414
1a25aba9-d542-49a4-94df-900c081551b6,5,letter,0.1,0.5559810996055603,0.5857675075531006,0.029786407947540283
1a6bc3bd-868e-47cf-970d-67cf7d516465,0,wedding,0.09803921568627451,0.4649893492460251,0.4745953530073166,0.009606003761291504
1a6bc3bd-868e-47cf-970d-67cf7d516465,1,speech,0.05921052631578947,0.48754897713661194,0.5093823969364166,0.021833419799804688
1a6bc3bd-868e-47cf-970d-67cf7d516465,2,condolence,0.09655172413793103,0.6946053504943848,0.6979977488517761,0.0033923983573913574
1a6bc3bd-868e-47cf-970d-67cf7d516465,3,letter,0.09868421052631579,0.5349969267845154,0.5975351333618164,0.06253820657730103
1b97dea3-013d-476c-96a6-49d2960c7c99,2,thank,0.060810810810810814,0.4943016469478607,0.4762009084224701,-0.018100738525390625
1b97dea3-013d-476c-96a6-49d2960c7c99,3,reassurance,0.0,0.5475753396749496,0.5475753396749496,0.0
1b97dea3-013d-476c-96a6-49d2960c7c99,4,speech,0.0,0.5354866087436676,0.5354866087436676,0.0
1b97dea3-013d-476c-96a6-49d2960c7c99,5,apology,0.012987012987012988,0.4642324894666672,0.4889126420021057,0.024680152535438538
1f506d3f-b34d-4657-9820-ef232904554d,2,reassurance,0.01935483870967742,0.5790852904319763,0.569293200969696,-0.009792089462280273
1f506d3f-b34d-4657-9820-ef232904554d,3,thank,0.026490066225165563,0.6973623931407928,0.7111933827400208,0.013830989599227905
1f506d3f-b34d-4657-9820-ef232904554d,4,letter,0.1111111111111111,0.5600351989269257,0.5946466326713562,0.03461143374443054
1f506d3f-b34d-4657-9820-ef232904554d,5,wedding,0.026143790849673203,0.5801422894001007,0.677321195602417,0.09717890620231628
21d20b0e-b89e-42a8-b0bb-cb8b2d2e35df,0,condolence,0.18421052631578946,0.6514451801776886,0.646434485912323,-0.005010694265365601
21d20b0e-b89e-42a8-b0bb-cb8b2d2e35df,1,apology,0.013071895424836602,0.5565585792064667,0.5899921357631683,0.03343355655670166
21d20b0e-b89e-42a8-b0bb-cb8b2d2e35df,2,wedding,0.032467532467532464,0.4999189078807831,0.5455906093120575,0.045671701431274414
21d20b0e-b89e-42a8-b0bb-cb8b2d2e35df,3,speech,0.10828025477707007,0.669670581817627,0.6674990952014923,-0.0021714866161346436
28bc03dc-f524-4a10-b9aa-4368bd13df42,2,wedding,0.006666666666666667,0.4778658300638199,0.47924499213695526,0.001379162073135376
28bc03dc-f524-4a10-b9aa-4368bd13df42,3,thank,0.006711409395973154,0.5297843515872955,0.527922511100769,-0.0018618404865264893
28bc03dc-f524-4a10-b9aa-4368bd13df42,4,letter,0.0,0.4777585417032242,0.4777585417032242,0.0
28bc03dc-f524-4a10-b9aa-4368bd13df42,5,speech,0.0,0.5391956567764282,0.5391956567764282,0.0
2af273f2-bea4-4638-9cd7-4a8d3a0b8f26,0,reassurance,0.029940119760479042,0.5145253092050552,0.5321802049875259,0.017654895782470703
2af273f2-bea4-4638-9cd7-4a8d3a0b8f26,1,apology,0.02,0.5375099778175354,0.5533932149410248,0.01588323712348938
2af273f2-bea4-4638-9cd7-4a8d3a0b8f26,2,thank,0.02142857142857143,0.635382354259491,0.6347588896751404,-0.0006234645843505859
2af273f2-bea4-4638-9cd7-4a8d3a0b8f26,3,speech,0.03355704697986577,0.5575262904167175,0.5732688009738922,0.015742510557174683
32a9cad7-5b1c-480f-832c-1cedb782d226,2,reassurance,0.11971830985915492,0.5300580859184265,0.6167978942394257,0.08673980832099915
32a9cad7-5b1c-480f-832c-1cedb782d226,3,eulogy,0.25170068027210885,0.5744715332984924,0.6996262967586517,0.1251547634601593
32a9cad7-5b1c-480f-832c-1cedb782d226,4,letter,0.16129032258064516,0.5407929122447968,0.579923540353775,0.03913062810897827
32a9cad7-5b1c-480f-832c-1cedb782d226,5,thank,0.19594594594594594,0.466613307595253,0.564228355884552,0.09761504828929901
354ff2f3-d1e5-40ee-9b32-f1c81c5d4df5,0,reassurance,0.4161490683229814,0.39336077868938446,0.5381508618593216,0.14479008316993713
354ff2f3-d1e5-40ee-9b32-f1c81c5d4df5,1,thank,0.0,0.44642631709575653,0.44642631709575653,0.0
354ff2f3-d1e5-40ee-9b32-f1c81c5d4df5,2,speech,0.7517241379310344,0.43086591362953186,0.5093328952789307,0.0784669816493988
354ff2f3-d1e5-40ee-9b32-f1c81c5d4df5,3,wedding,0.6490066225165563,0.5310783684253693,0.5560469925403595,0.024968624114990234
357b9f78-df87-4775-a67e-9a41bebbc02f,2,wedding,0.08860759493670886,0.37586572766304016,0.4192603528499603,0.043394625186920166
357b9f78-df87-4775-a67e-9a41bebbc02f,3,speech,0.6644736842105263,0.36799323558807373,0.5434691309928894,0.17547589540481567
357b9f78-df87-4775-a67e-9a41bebbc02f,4,thank,0.13071895424836602,0.4157690405845642,0.46561285853385925,0.049843817949295044
357b9f78-df87-4775-a67e-9a41bebbc02f,5,letter,0.1111111111111111,0.4600916653871536,0.4875844568014145,0.027492791414260864
36f7c04d-9eb6-41fa-ae60-a6ad6fa1c429,2,letter,0.189873417721519,0.5655910074710846,0.5905593037605286,0.02496829628944397
36f7c04d-9eb6-41fa-ae60-a6ad6fa1c429,3,reassurance,0.09876543209876543,0.5798742473125458,0.6613396406173706,0.08146539330482483
36f7c04d-9eb6-41fa-ae60-a6ad6fa1c429,4,thank,0.21604938271604937,0.6564750671386719,0.6826536059379578,0.02617853879928589
36f7c04d-9eb6-41fa-ae60-a6ad6fa1c429,5,condolence,0.18421052631578946,0.5786980092525482,0.6828571856021881,0.10415917634963989
379876ef-ea66-4914-90c7-052d13ad9036,0,condolence,0.07006369426751592,0.6413971185684204,0.62031289935112,-0.021084219217300415
379876ef-ea66-4914-90c7-052d13ad9036,1,letter,0.05660377358490566,0.6039183437824249,0.6091515421867371,0.005233198404312134
379876ef-ea66-4914-90c7-052d13ad9036,2,speech,0.0136986301369863,0.5171663165092468,0.58893221616745,0.07176589965820312
379876ef-ea66-4914-90c7-052d13ad9036,3,eulogy,0.03333333333333333,0.5720159113407135,0.5645213425159454,-0.007494568824768066
417a64ff-e3b5-45c1-a926-83e8b3897840,2,condolence,0.0196078431372549,0.5039146840572357,0.5301968455314636,0.026282161474227905
417a64ff-e3b5-45c1-a926-83e8b3897840,3,letter,0.04430379746835443,0.45209670066833496,0.42950958013534546,-0.022587120532989502
417a64ff-e3b5-45c1-a926-83e8b3897840,4,speech,0.0,0.5391704440116882,0.5391704440116882,0.0
417a64ff-e3b5-45c1-a926-83e8b3897840,5,thank,0.0196078431372549,0.5094271004199982,0.5186752080917358,0.009248107671737671
47936247-3b3b-4aec-a540-0199ded5b35f,0,letter,1.9813664596273293,0.45708417892456055,0.6859716773033142,0.22888749837875366
47936247-3b3b-4aec-a540-0199ded5b35f,1,reassurance,0.9240506329113924,0.5578847527503967,0.7716867327690125,0.21380198001861572
47936247-3b3b-4aec-a540-0199ded5b35f,2,apology,0.14814814814814814,0.5202720463275909,0.5750537514686584,0.054781705141067505
47936247-3b3b-4aec-a540-0199ded5b35f,3,condolence,0.11834319526627218,0.521844744682312,0.6441909372806549,0.1223461925983429
4cc3c761-a0ef-4a7d-b572-f933d9f34d7e,2,apology,0.14935064935064934,0.4026752710342407,0.4275358319282532,0.02486056089401245
4cc3c761-a0ef-4a7d-b572-f933d9f34d7e,3,speech,0.5675675675675675,0.5041540265083313,0.6559588313102722,0.15180480480194092
4cc3c761-a0ef-4a7d-b572-f933d9f34d7e,4,wedding,0.08783783783783784,0.4816342890262604,0.47466516494750977,-0.00696912407875061
4cc3c761-a0ef-4a7d-b572-f933d9f34d7e,5,condolence,0.17532467532467533,0.5323019623756409,0.5595382452011108,0.02723628282546997
4d13e808-d845-407b-8891-abc4bbd755a3,0,reassurance,0.12025316455696203,0.5426962375640869,0.5521824061870575,0.009486168622970581
4d13e808-d845-407b-8891-abc4bbd755a3,1,wedding,0.05921052631578947,0.6177839040756226,0.6177257001399994,-5.8203935623168945e-05
4d13e808-d845-407b-8891-abc4bbd755a3,2,letter,0.09868421052631579,0.47702744603157043,0.5004341453313828,0.023406699299812317
4d13e808-d845-407b-8891-abc4bbd755a3,3,apology,0.0784313725490196,0.546964019536972,0.5740392506122589,0.027075231075286865
54b36269-e8c7-475b-8d5c-8d028a523f32,2,speech,0.09271523178807947,0.5287147462368011,0.5524328052997589,0.023718059062957764
54b36269-e8c7-475b-8d5c-8d028a523f32,3,reassurance,0.09868421052631579,0.48721520602703094,0.48225048184394836,-0.004964724183082581
54b36269-e8c7-475b-8d5c-8d028a523f32,4,thank,0.040268456375838924,0.5094422101974487,0.5041785836219788,-0.005263626575469971
54b36269-e8c7-475b-8d5c-8d028a523f32,5,wedding,0.10967741935483871,0.44661109149456024,0.5073202252388,0.06070913374423981
572392a4-224e-4261-ad20-1c06fabc9220,0,speech,0.0,0.4409377723932266,0.4409377723932266,0.0
572392a4-224e-4261-ad20-1c06fabc9220,1,reassurance,0.0,0.406421422958374,0.406421422958374,0.0
572392a4-224e-4261-ad20-1c06fabc9220,2,wedding,0.0,0.3465146869421005,0.3465146869421005,0.0
572392a4-224e-4261-ad20-1c06fabc9220,3,apology,0.0,0.2592061161994934,0.2592061161994934,0.0
57f6eb08-1334-4d1d-b32e-7ead2fae69b5,0,speech,0.04794520547945205,0.5492111593484879,0.5508198738098145,0.0016087144613265991
57f6eb08-1334-4d1d-b32e-7ead2fae69b5,1,apology,0.013157894736842105,0.41970551013946533,0.412911593914032,-0.00679391622543335
57f6eb08-1334-4d1d-b32e-7ead2fae69b5,2,thank,0.09803921568627451,0.5592530071735382,0.6246217489242554,0.06536874175071716
57f6eb08-1334-4d1d-b32e-7ead2fae69b5,3,wedding,0.0967741935483871,0.5398860573768616,0.5657531321048737,0.025867074728012085
58a194df-223f-48a6-b63e-6dd56c0f2b57,2,thank,0.8055555555555556,0.4612337499856949,0.5111532062292099,0.049919456243515015
58a194df-223f-48a6-b63e-6dd56c0f2b57,3,wedding,0.543046357615894,0.4336806684732437,0.6053216755390167,0.171641007065773
58a194df-223f-48a6-b63e-6dd56c0f2b57,4,letter,0.39751552795031053,0.3652765601873398,0.4281891882419586,0.06291262805461884
58a194df-223f-48a6-b63e-6dd56c0f2b57,5,speech,0.40522875816993464,0.4698566347360611,0.49832800030708313,0.028471365571022034
5ebe55d9-ec28-4e1f-bba3-3e309275a847,2,eulogy,1.1474358974358974,0.4032502919435501,0.7375520467758179,0.33430175483226776
5ebe55d9-ec28-4e1f-bba3-3e309275a847,3,speech,0.16666666666666666,0.4180241972208023,0.5585366487503052,0.14051245152950287
5ebe55d9-ec28-4e1f-bba3-3e309275a847,4,thank,0.22077922077922077,0.4847452938556671,0.5295584797859192,0.044813185930252075
5ebe55d9-ec28-4e1f-bba3-3e309275a847,5,wedding,0.1038961038961039,0.46265870332717896,0.5440415143966675,0.08138281106948853
6003984f-f1dd-4a12-a9fb-e0031f48832d,2,letter,0.033783783783783786,0.4626888632774353,0.548542857170105,0.08585399389266968
6003984f-f1dd-4a12-a9fb-e0031f48832d,3,speech,0.006329113924050633,0.450578898191452,0.5274598002433777,0.07688090205192566
6003984f-f1dd-4a12-a9fb-e0031f48832d,4,apology,0.07482993197278912,0.5897636413574219,0.6188077032566071,0.02904406189918518
6003984f-f1dd-4a12-a9fb-e0031f48832d,5,wedding,0.013245033112582781,0.46124182641506195,0.5607177019119263,0.09947587549686432
601a6b65-1891-482f-ba3c-46db6c722f4a,2,letter,0.17307692307692307,0.5064617991447449,0.5405628085136414,0.034101009368896484
601a6b65-1891-482f-ba3c-46db6c722f4a,3,condolence,0.10967741935483871,0.5894213616847992,0.6085697114467621,0.01914834976196289
601a6b65-1891-482f-ba3c-46db6c722f4a,4,reassurance,0.16233766233766234,0.5335173457860947,0.5546475648880005,0.021130219101905823
601a6b65-1891-482f-ba3c-46db6c722f4a,5,thank,0.16129032258064516,0.5559763014316559,0.540920615196228,-0.015055686235427856
633b5061-eafb-439d-acc4-be045cbf249b,0,reassurance,0.8701298701298701,0.5325557291507721,0.5996237993240356,0.06706807017326355
633b5061-eafb-439d-acc4-be045cbf249b,1,condolence,0.869281045751634,0.5823953747749329,0.5966867506504059,0.014291375875473022
633b5061-eafb-439d-acc4-be045cbf249b,2,thank,0.7763157894736842,0.5885353684425354,0.7153304517269135,0.12679508328437805
633b5061-eafb-439d-acc4-be045cbf249b,3,letter,0.5217391304347826,0.48660026490688324,0.62223881483078,0.1356385499238968
6998773e-d1b4-4b6d-ac29-f75d132ecb89,2,reassurance,0.013157894736842105,0.4904443323612213,0.5212676227092743,0.03082329034805298
6998773e-d1b4-4b6d-ac29-f75d132ecb89,3,letter,0.037267080745341616,0.6171559691429138,0.6455806195735931,0.02842465043067932
6998773e-d1b4-4b6d-ac29-f75d132ecb89,4,wedding,0.087248322147651,0.5046521723270416,0.5653714835643768,0.060719311237335205
6998773e-d1b4-4b6d-ac29-f75d132ecb89,5,apology,0.061224489795918366,0.46794578433036804,0.437124639749527,-0.030821144580841064
6c6c9fd2-8452-4e83-975b-1b6a489f13eb,2,speech,0.04516129032258064,0.5514043867588043,0.5370492339134216,-0.01435515284538269
6c6c9fd2-8452-4e83-975b-1b6a489f13eb,3,thank,0.10897435897435898,0.5625530481338501,0.5936169922351837,0.031063944101333618
6c6c9fd2-8452-4e83-975b-1b6a489f13eb,4,apology,0.031055900621118012,0.5065902918577194,0.5327009707689285,0.026110678911209106
6c6c9fd2-8452-4e83-975b-1b6a489f13eb,5,wedding,0.0,0.5110824704170227,0.5110824704170227,0.0
6c9db161-b8da-48f4-a9ba-f740f5ab9d93,2,apology,0.03333333333333333,0.45778292417526245,0.47705078125,0.01926785707473755
6c9db161-b8da-48f4-a9ba-f740f5ab9d93,3,letter,0.006211180124223602,0.42031872272491455,0.41910022497177124,-0.0012184977531433105
6c9db161-b8da-48f4-a9ba-f740f5ab9d93,4,thank,0.0,0.5318108797073364,0.5318108797073364,0.0
6c9db161-b8da-48f4-a9ba-f740f5ab9d93,5,condolence,0.006493506493506494,0.5579281747341156,0.5536460876464844,-0.004282087087631226
702965f6-e3c0-4fd0-beab-2b57d2e90797,0,condolence,0.6903225806451613,0.5548981726169586,0.6436759829521179,0.0887778103351593
702965f6-e3c0-4fd0-beab-2b57d2e90797,1,reassurance,0.7134146341463414,0.42771248519420624,0.5997852087020874,0.17207272350788116
702965f6-e3c0-4fd0-beab-2b57d2e90797,2,eulogy,0.4967741935483871,0.5167159885168076,0.5352010428905487,0.01848505437374115
702965f6-e3c0-4fd0-beab-2b57d2e90797,3,speech,0.525,0.4188457280397415,0.6051215827465057,0.18627585470676422
70d867de-7bf1-479e-b0df-f2791efc2269,2,apology,0.20666666666666667,0.5169070661067963,0.5994135737419128,0.08250650763511658
70d867de-7bf1-479e-b0df-f2791efc2269,3,reassurance,0.27647058823529413,0.5280150473117828,0.5818966031074524,0.053881555795669556
70d867de-7bf1-479e-b0df-f2791efc2269,4,wedding,0.4258064516129032,0.5032992362976074,0.6534774303436279,0.1501781940460205
70d867de-7bf1-479e-b0df-f2791efc2269,5,speech,0.2751677852348993,0.4682004600763321,0.6681420207023621,0.19994156062602997
79e9c336-6d58-4da1-a022-64dc69586c6e,0,letter,0.8344370860927153,0.31931164860725403,0.46825672686100006,0.14894507825374603
79e9c336-6d58-4da1-a022-64dc69586c6e,1,reassurance,0.8125,0.4609643667936325,0.5406186282634735,0.079654261469841
79e9c336-6d58-4da1-a022-64dc69586c6e,2,condolence,0.8375,0.4968577027320862,0.5973047614097595,0.10044705867767334
79e9c336-6d58-4da1-a022-64dc69586c6e,3,thank,0.9215686274509803,0.4713922291994095,0.6879804730415344,0.21658824384212494
7e876183-c6fa-4de5-b0b3-4e06019dc486,2,apology,0.23870967741935484,0.5852079093456268,0.6331396400928497,0.0479317307472229
7e876183-c6fa-4de5-b0b3-4e06019dc486,3,wedding,0.1513157894736842,0.5696994960308075,0.5846140384674072,0.014914542436599731
7e876183-c6fa-4de5-b0b3-4e06019dc486,4,thank,0.025974025974025976,0.623235434293747,0.6262697875499725,0.003034353256225586
7e876183-c6fa-4de5-b0b3-4e06019dc486,5,condolence,0.0,0.5707685947418213,0.5707685947418213,0.0
87c461ed-6bbd-4205-b25a-1d517a9a16e5,2,reassurance,0.1962025316455696,0.5182243436574936,0.4916146546602249,-0.026609688997268677
87c461ed-6bbd-4205-b25a-1d517a9a16e5,3,condolence,0.22580645161290322,0.6017549335956573,0.5707264840602875,-0.031028449535369873
87c461ed-6bbd-4205-b25a-1d517a9a16e5,4,thank,0.275,0.5765346884727478,0.5625991225242615,-0.013935565948486328
87c461ed-6bbd-4205-b25a-1d517a9a16e5,5,apology,0.26973684210526316,0.508232980966568,0.4970985949039459,-0.01113438606262207
8891e9bd-553c-4445-8692-af9aa1df345b,2,thank,0.18518518518518517,0.451577752828598,0.5116035342216492,0.06002578139305115
8891e9bd-553c-4445-8692-af9aa1df345b,3,speech,0.16455696202531644,0.5031788647174835,0.5525206625461578,0.049341797828674316
8891e9bd-553c-4445-8692-af9aa1df345b,4,apology,0.19727891156462585,0.44252726435661316,0.49932609498500824,0.05679883062839508
8891e9bd-553c-4445-8692-af9aa1df345b,5,letter,0.2716049382716049,0.539508506655693,0.5626254975795746,0.02311699092388153
8ae99e0d-dea4-4a4b-accb-1145d983f09a,2,thank,0.2948717948717949,0.4913058429956436,0.5541694760322571,0.06286363303661346
8ae99e0d-dea4-4a4b-accb-1145d983f09a,3,speech,0.01282051282051282,0.4838220179080963,0.49988557398319244,0.01606355607509613
8ae99e0d-dea4-4a4b-accb-1145d983f09a,4,letter,0.19875776397515527,0.41655947268009186,0.47138896584510803,0.054829493165016174
8ae99e0d-dea4-4a4b-accb-1145d983f09a,5,apology,0.3741496598639456,0.4556056410074234,0.5312355160713196,0.07562987506389618
8ba8d7da-bbcf-44c8-8887-d6b083446deb,0,thank,0.3141025641025641,0.5546480417251587,0.5943103730678558,0.039662331342697144
8ba8d7da-bbcf-44c8-8887-d6b083446deb,1,apology,0.014084507042253521,0.5184098780155182,0.5522473156452179,0.03383743762969971
8ba8d7da-bbcf-44c8-8887-d6b083446deb,2,speech,0.05555555555555555,0.484915092587471,0.4928501546382904,0.007935062050819397
8ba8d7da-bbcf-44c8-8887-d6b083446deb,3,condolence,0.00625,0.5276236236095428,0.5089422911405563,-0.01868133246898651
8c1d839b-8bda-45bf-a466-1ecd1270be13,0,letter,0.6923076923076923,0.38537217676639557,0.5373590290546417,0.15198685228824615
8c1d839b-8bda-45bf-a466-1ecd1270be13,1,speech,0.3150684931506849,0.46087996661663055,0.44375647604465485,-0.017123490571975708
8c1d839b-8bda-45bf-a466-1ecd1270be13,2,reassurance,0.09032258064516129,0.40369389951229095,0.4321042448282242,0.028410345315933228
8c1d839b-8bda-45bf-a466-1ecd1270be13,3,thank,0.5408805031446541,0.436835914850235,0.4722391664981842,0.03540325164794922
93919296-449e-4498-9198-8f21282f387e,2,thank,0.0,0.47913555800914764,0.47913555800914764,0.0
93919296-449e-4498-9198-8f21282f387e,3,reassurance,0.006172839506172839,0.43663017451763153,0.44720399379730225,0.010573819279670715
93919296-449e-4498-9198-8f21282f387e,4,speech,0.0,0.5552103817462921,0.5552103817462921,0.0
93919296-449e-4498-9198-8f21282f387e,5,apology,0.01282051282051282,0.5209150314331055,0.523551806807518,0.0026367753744125366
93d4e6ef-1df0-4690-a934-51f2ff067a1f,0,reassurance,0.09090909090909091,0.3975085914134979,0.4120083451271057,0.014499753713607788
93d4e6ef-1df0-4690-a934-51f2ff067a1f,1,condolence,0.0,0.7030268609523773,0.7030268609523773,0.0
93d4e6ef-1df0-4690-a934-51f2ff067a1f,2,apology,0.0,0.45012204349040985,0.45012204349040985,0.0
93d4e6ef-1df0-4690-a934-51f2ff067a1f,3,thank,0.0,0.5930065214633942,0.5930065214633942,0.0
946ad540-3b18-4f52-96e9-9134d4ec9878,0,letter,0.5786163522012578,0.5426452159881592,0.5886250734329224,0.045979857444763184
946ad540-3b18-4f52-96e9-9134d4ec9878,1,apology,0.24516129032258063,0.5704554319381714,0.6648184359073639,0.0943630039691925
946ad540-3b18-4f52-96e9-9134d4ec9878,2,speech,0.046357615894039736,0.6821738183498383,0.6585395634174347,-0.023634254932403564
946ad540-3b18-4f52-96e9-9134d4ec9878,3,condolence,0.1390728476821192,0.5714747309684753,0.6936639249324799,0.12218919396400452
9473c36d-e078-4a5b-a106-a4de719f1c1b,0,thank,0.20382165605095542,0.588874876499176,0.6318000257015228,0.0429251492023468
9473c36d-e078-4a5b-a106-a4de719f1c1b,1,apology,0.006944444444444444,0.5538310110569,0.5698971748352051,0.016066163778305054
9473c36d-e078-4a5b-a106-a4de719f1c1b,2,reassurance,0.006211180124223602,0.5528971552848816,0.5520869195461273,-0.0008102357387542725
9473c36d-e078-4a5b-a106-a4de719f1c1b,3,wedding,0.0,0.48460932075977325,0.48460932075977325,0.0
95648190-a022-43f7-a299-7d7c22e55289,2,letter,0.5534591194968553,0.36948172748088837,0.4703829735517502,0.10090124607086182
95648190-a022-43f7-a299-7d7c22e55289,3,apology,0.46835443037974683,0.5199590176343918,0.6132812798023224,0.0933222621679306
95648190-a022-43f7-a299-7d7c22e55289,4,eulogy,0.6601307189542484,0.4904346168041229,0.6411762833595276,0.15074166655540466
95648190-a022-43f7-a299-7d7c22e55289,5,wedding,0.23376623376623376,0.419419065117836,0.4657406657934189,0.046321600675582886
99d7de62-94ed-4cc5-99bf-dbb5974df705,2,letter,0.8633540372670807,0.7538034617900848,0.8714410066604614,0.11763754487037659
99d7de62-94ed-4cc5-99bf-dbb5974df705,3,thank,0.9807692307692307,0.8186513185501099,0.843987911939621,0.02533659338951111
99d7de62-94ed-4cc5-99bf-dbb5974df705,4,wedding,1.34,0.7841030061244965,0.870775043964386,0.08667203783988953
99d7de62-94ed-4cc5-99bf-dbb5974df705,5,speech,0.8662790697674418,0.8220762312412262,0.8769535720348358,0.05487734079360962
9c117e71-7c5a-42b2-8767-9a3cbedc17d9,2,thank,0.12162162162162163,0.6746527552604675,0.6644912958145142,-0.01016145944595337
9c117e71-7c5a-42b2-8767-9a3cbedc17d9,3,condolence,0.06,0.655192643404007,0.6428658366203308,-0.012326806783676147
9c117e71-7c5a-42b2-8767-9a3cbedc17d9,4,letter,0.08974358974358974,0.5435148477554321,0.6126338839530945,0.06911903619766235
9c117e71-7c5a-42b2-8767-9a3cbedc17d9,5,speech,0.08441558441558442,0.4775204509496689,0.542148232460022,0.06462778151035309
9d164220-c497-48ff-8497-55c050213e55,2,reassurance,0.13548387096774195,0.35162580013275146,0.35499800741672516,0.003372207283973694
9d164220-c497-48ff-8497-55c050213e55,3,thank,0.05194805194805195,0.3950521796941757,0.3977270573377609,0.002674877643585205
9d164220-c497-48ff-8497-55c050213e55,4,apology,0.16875,0.4456128031015396,0.4782833307981491,0.0326705276966095
9d164220-c497-48ff-8497-55c050213e55,5,condolence,0.0728476821192053,0.4941595047712326,0.5364018976688385,0.042242392897605896
a03e9b46-d5c1-401e-ba35-3746d2880c76,2,reassurance,0.14666666666666667,0.5668481588363647,0.5676767826080322,0.0008286237716674805
a03e9b46-d5c1-401e-ba35-3746d2880c76,3,apology,0.17834394904458598,0.5094948709011078,0.5448551177978516,0.035360246896743774
a03e9b46-d5c1-401e-ba35-3746d2880c76,4,speech,0.16149068322981366,0.5357878804206848,0.5655663311481476,0.02977845072746277
a03e9b46-d5c1-401e-ba35-3746d2880c76,5,thank,0.17105263157894737,0.5231184661388397,0.5701821148395538,0.04706364870071411
a1a47852-cad9-495d-a871-6797dc780d4f,2,thank,0.2,0.6243741512298584,0.6749539375305176,0.05057978630065918
a1a47852-cad9-495d-a871-6797dc780d4f,3,speech,0.11180124223602485,0.4744008481502533,0.5329051315784454,0.05850428342819214
a1a47852-cad9-495d-a871-6797dc780d4f,4,condolence,0.3026315789473684,0.6365249454975128,0.6784756481647491,0.04195070266723633
a1a47852-cad9-495d-a871-6797dc780d4f,5,letter,0.09259259259259259,0.5311938524246216,0.5629598796367645,0.031766027212142944
a65fbf73-ac73-4c89-8477-fe2768a27dd5,2,reassurance,0.018867924528301886,0.43574079871177673,0.5118584930896759,0.07611769437789917
a65fbf73-ac73-4c89-8477-fe2768a27dd5,3,eulogy,0.006535947712418301,0.4537212997674942,0.4441436231136322,-0.009577676653862
a65fbf73-ac73-4c89-8477-fe2768a27dd5,4,speech,0.0,0.47168272733688354,0.47168272733688354,0.0
a65fbf73-ac73-4c89-8477-fe2768a27dd5,5,thank,0.0,0.4807087332010269,0.4807087332010269,0.0
a66edf01-fecd-4939-a982-b7c6684d7a29,0,wedding,0.04666666666666667,0.6235578656196594,0.6239537298679352,0.00039586424827575684
a66edf01-fecd-4939-a982-b7c6684d7a29,1,condolence,0.012658227848101266,0.605426549911499,0.667425811290741,0.06199926137924194
a66edf01-fecd-4939-a982-b7c6684d7a29,2,apology,0.0,0.586920291185379,0.586920291185379,0.0
a66edf01-fecd-4939-a982-b7c6684d7a29,3,thank,0.0,0.6087288558483124,0.6087288558483124,0.0
ad73f9f4-5813-4fcc-b875-4ccc998f95b7,2,thank,0.052980132450331126,0.5863626301288605,0.6609378755092621,0.07457524538040161
ad73f9f4-5813-4fcc-b875-4ccc998f95b7,3,letter,0.0,0.5322318822145462,0.5322318822145462,0.0
ad73f9f4-5813-4fcc-b875-4ccc998f95b7,4,apology,0.0,0.52622389793396,0.52622389793396,0.0
ad73f9f4-5813-4fcc-b875-4ccc998f95b7,5,reassurance,0.012345679012345678,0.4693600833415985,0.5247443616390228,0.055384278297424316
b417dba7-2b67-4496-b985-fc67c15aa748,0,reassurance,0.8343949044585988,0.507935032248497,0.6676952242851257,0.15976019203662872
b417dba7-2b67-4496-b985-fc67c15aa748,1,letter,0.1118421052631579,0.5828186273574829,0.600057065486908,0.01723843812942505
b417dba7-2b67-4496-b985-fc67c15aa748,2,thank,0.02666666666666667,0.6494876742362976,0.6844903826713562,0.035002708435058594
b417dba7-2b67-4496-b985-fc67c15aa748,3,condolence,0.07792207792207792,0.6458450853824615,0.6379904448986053,-0.007854640483856201
bcf3699f-b36e-4652-a117-7e1de296c0f3,0,apology,0.12,0.5498787313699722,0.5869800746440887,0.037101343274116516
bcf3699f-b36e-4652-a117-7e1de296c0f3,1,thank,0.08441558441558442,0.5715019702911377,0.6457418203353882,0.07423985004425049
bcf3699f-b36e-4652-a117-7e1de296c0f3,2,letter,0.042682926829268296,0.5362654328346252,0.5605281293392181,0.024262696504592896
bcf3699f-b36e-4652-a117-7e1de296c0f3,3,reassurance,0.0625,0.46377381682395935,0.4855510741472244,0.021777257323265076
c457e22c-d7ad-4ba6-a5eb-457b445a6415,2,condolence,0.21428571428571427,0.5929897725582123,0.5986618101596832,0.005672037601470947
c457e22c-d7ad-4ba6-a5eb-457b445a6415,3,letter,0.13291139240506328,0.5468316674232483,0.5645951330661774,0.017763465642929077
c457e22c-d7ad-4ba6-a5eb-457b445a6415,4,eulogy,0.10596026490066225,0.5674037635326385,0.583173006772995,0.015769243240356445
c457e22c-d7ad-4ba6-a5eb-457b445a6415,5,apology,0.2875816993464052,0.5716136395931244,0.7107406258583069,0.1391269862651825
c558e2d5-8448-41bb-9b4d-279a0ac50263,2,thank,0.3051948051948052,0.5478616654872894,0.5624885857105255,0.014626920223236084
c558e2d5-8448-41bb-9b4d-279a0ac50263,3,condolence,0.16766467065868262,0.5633436292409897,0.5760024935007095,0.012658864259719849
c558e2d5-8448-41bb-9b4d-279a0ac50263,4,apology,0.2727272727272727,0.4818527102470398,0.5666686147451401,0.08481590449810028
c558e2d5-8448-41bb-9b4d-279a0ac50263,5,reassurance,0.23333333333333334,0.5501344949007034,0.5236024707555771,-0.026532024145126343
c649bdf1-c479-449c-91bb-eb0986daa185,0,thank,0.05228758169934641,0.6163747012615204,0.5996063053607941,-0.01676839590072632
c649bdf1-c479-449c-91bb-eb0986daa185,1,condolence,0.2922077922077922,0.5718434453010559,0.6029799282550812,0.03113648295402527
c649bdf1-c479-449c-91bb-eb0986daa185,2,wedding,0.16993464052287582,0.4668702036142349,0.5031239092350006,0.036253705620765686
c649bdf1-c479-449c-91bb-eb0986daa185,3,apology,0.039473684210526314,0.677196204662323,0.6929659247398376,0.01576972007751465
c95c8274-9889-4d96-b769-5af9729da064,2,apology,0.24183006535947713,0.43925727903842926,0.5915855169296265,0.1523282378911972
c95c8274-9889-4d96-b769-5af9729da064,3,letter,0.12837837837837837,0.374577596783638,0.5068357288837433,0.13225813210010529
c95c8274-9889-4d96-b769-5af9729da064,4,thank,0.24025974025974026,0.5393717288970947,0.6501471400260925,0.1107754111289978
c95c8274-9889-4d96-b769-5af9729da064,5,speech,0.1503267973856209,0.5868740677833557,0.6131540536880493,0.026279985904693604
c9afe4ed-b46e-4919-a89b-9c3639640775,2,apology,0.032467532467532464,0.593718945980072,0.5797908157110214,-0.013928130269050598
c9afe4ed-b46e-4919-a89b-9c3639640775,3,thank,0.1,0.608672171831131,0.5974591970443726,-0.011212974786758423
c9afe4ed-b46e-4919-a89b-9c3639640775,4,letter,0.02564102564102564,0.44583624601364136,0.561712235212326,0.11587598919868469
c9afe4ed-b46e-4919-a89b-9c3639640775,5,speech,0.0,0.481252059340477,0.481252059340477,0.0
cb6b9158-75df-42e4-92ac-d2e2d03e66a7,0,speech,0.0,0.5676847547292709,0.5676847547292709,0.0
cb6b9158-75df-42e4-92ac-d2e2d03e66a7,1,reassurance,0.013605442176870748,0.6182873547077179,0.6187371611595154,0.00044980645179748535
cb6b9158-75df-42e4-92ac-d2e2d03e66a7,2,wedding,0.0,0.5328465402126312,0.5328465402126312,0.0
cb6b9158-75df-42e4-92ac-d2e2d03e66a7,3,apology,0.05194805194805195,0.5927156358957291,0.5954243093729019,0.0027086734771728516
d1850bd6-2dc4-4a79-9b27-da09d1ccb338,2,letter,0.14906832298136646,0.4469910264015198,0.4600745290517807,0.013083502650260925
d1850bd6-2dc4-4a79-9b27-da09d1ccb338,3,thank,0.425,0.6190052330493927,0.6633354127407074,0.0443301796913147
d1850bd6-2dc4-4a79-9b27-da09d1ccb338,4,wedding,0.20915032679738563,0.6091260313987732,0.7009702622890472,0.09184423089027405
d1850bd6-2dc4-4a79-9b27-da09d1ccb338,5,apology,0.35374149659863946,0.5668043792247772,0.6181958913803101,0.05139151215553284
d1df814b-04d7-45ef-afa9-19333672b460,2,wedding,0.012987012987012988,0.4318806231021881,0.4358408451080322,0.003960222005844116
d1df814b-04d7-45ef-afa9-19333672b460,3,speech,0.0,0.35296034812927246,0.35296034812927246,0.0
d1df814b-04d7-45ef-afa9-19333672b460,4,reassurance,0.0,0.45094625651836395,0.45094625651836395,0.0
d1df814b-04d7-45ef-afa9-19333672b460,5,letter,0.006493506493506494,0.44207508862018585,0.4418034851551056,-0.00027160346508026123
df299e8f-5085-44ff-95c9-6de38dbb72a4,2,letter,0.018867924528301886,0.4109322428703308,0.42583951354026794,0.014907270669937134
df299e8f-5085-44ff-95c9-6de38dbb72a4,3,thank,0.15894039735099338,0.3820194751024246,0.43403519690036774,0.052015721797943115
df299e8f-5085-44ff-95c9-6de38dbb72a4,4,wedding,0.17197452229299362,0.4349505454301834,0.5256529003381729,0.0907023549079895
df299e8f-5085-44ff-95c9-6de38dbb72a4,5,condolence,0.0,0.4906780421733856,0.4906780421733856,0.0
e04e957f-4182-4050-8a59-10c546f3c4be,2,eulogy,0.2905405405405405,0.4509233981370926,0.6144105494022369,0.16348715126514435
e04e957f-4182-4050-8a59-10c546f3c4be,3,letter,0.11392405063291139,0.5866265296936035,0.6169258952140808,0.030299365520477295
e04e957f-4182-4050-8a59-10c546f3c4be,4,reassurance,0.2389937106918239,0.5420919060707092,0.6157707571983337,0.07367885112762451
e04e957f-4182-4050-8a59-10c546f3c4be,5,speech,0.14285714285714285,0.5394295156002045,0.6123290359973907,0.07289952039718628
e181c353-09f4-402b-b7e5-c62f87df85f5,2,speech,0.12727272727272726,0.3397531360387802,0.39355725049972534,0.05380411446094513
e181c353-09f4-402b-b7e5-c62f87df85f5,3,thank,0.1069182389937107,0.4953782260417938,0.5387475192546844,0.043369293212890625
e181c353-09f4-402b-b7e5-c62f87df85f5,4,letter,0.018404907975460124,0.502602830529213,0.4997411370277405,-0.002861693501472473
e181c353-09f4-402b-b7e5-c62f87df85f5,5,condolence,0.057692307692307696,0.5587026178836823,0.6218792200088501,0.06317660212516785
e796692a-297a-495e-a059-f32263c2c073,0,apology,0.8783783783783784,0.516150951385498,0.6116646826267242,0.0955137312412262
e796692a-297a-495e-a059-f32263c2c073,1,thank,0.3081761006289308,0.4281299561262131,0.5113287717103958,0.08319881558418274
e796692a-297a-495e-a059-f32263c2c073,2,speech,0.5424836601307189,0.43189941346645355,0.49403446912765503,0.06213505566120148
e796692a-297a-495e-a059-f32263c2c073,3,reassurance,0.17751479289940827,0.3989398926496506,0.46873174607753754,0.06979185342788696
e914a063-af74-4e82-9fae-a27aa34cf284,2,speech,0.0,0.5620063245296478,0.5815817713737488,0.019575446844100952
e914a063-af74-4e82-9fae-a27aa34cf284,3,apology,0.0,0.6195681691169739,0.6195681691169739,0.0
e914a063-af74-4e82-9fae-a27aa34cf284,4,letter,0.0,0.5323130190372467,0.5323130190372467,0.0
e914a063-af74-4e82-9fae-a27aa34cf284,5,thank,0.0,0.6680117249488831,0.6680117249488831,0.0
e9c4bc43-6f2f-4b3f-8ab0-f20947fd04f9,2,wedding,0.16,0.47798365354537964,0.5478423535823822,0.06985870003700256
e9c4bc43-6f2f-4b3f-8ab0-f20947fd04f9,3,thank,0.013071895424836602,0.5003535747528076,0.5145477950572968,0.014194220304489136
e9c4bc43-6f2f-4b3f-8ab0-f20947fd04f9,4,reassurance,0.08875739644970414,0.5114443600177765,0.5316356122493744,0.0201912522315979
e9c4bc43-6f2f-4b3f-8ab0-f20947fd04f9,5,letter,0.43125,0.4945957809686661,0.5894801914691925,0.09488441050052643
ec874e47-e1e7-400a-b8c2-057063b54e63,2,speech,0.0,0.6659588813781738,0.6659588813781738,0.0
ec874e47-e1e7-400a-b8c2-057063b54e63,3,letter,0.0,0.5785782337188721,0.5647347271442413,-0.013843506574630737
ec874e47-e1e7-400a-b8c2-057063b54e63,4,apology,0.0,0.6983370780944824,0.6983370780944824,0.0
ec874e47-e1e7-400a-b8c2-057063b54e63,5,reassurance,0.8,0.6713464856147766,0.7114746272563934,0.04012814164161682
edb2f8e7-ab70-4257-8246-bf4352832807,0,condolence,0.13836477987421383,0.4879426807165146,0.49344830214977264,0.005505621433258057
edb2f8e7-ab70-4257-8246-bf4352832807,1,letter,0.08024691358024691,0.35755588114261627,0.4325671046972275,0.0750112235546112
edb2f8e7-ab70-4257-8246-bf4352832807,2,eulogy,0.273972602739726,0.4208979904651642,0.40783846378326416,-0.013059526681900024
edb2f8e7-ab70-4257-8246-bf4352832807,3,speech,0.055900621118012424,0.44190655648708344,0.45150600373744965,0.009599447250366211
f34cb204-36d3-4051-9ae0-0969882d1cda,2,letter,0.0,0.5052078664302826,0.5052078664302826,0.0
f34cb204-36d3-4051-9ae0-0969882d1cda,3,condolence,0.06802721088435375,0.49188801646232605,0.49546168744564056,0.003573670983314514
f34cb204-36d3-4051-9ae0-0969882d1cda,4,apology,0.0,0.42130817472934723,0.42130817472934723,0.0
f34cb204-36d3-4051-9ae0-0969882d1cda,5,speech,0.0,0.5508145987987518,0.5508145987987518,0.0
f35a5d38-18e0-4c01-8a53-13fc23a63680,2,letter,0.12738853503184713,0.48685140907764435,0.5494820177555084,0.06263060867786407
f35a5d38-18e0-4c01-8a53-13fc23a63680,3,reassurance,0.18471337579617833,0.4810856133699417,0.5820356011390686,0.10094998776912689
f35a5d38-18e0-4c01-8a53-13fc23a63680,4,speech,0.11688311688311688,0.46834370493888855,0.6179676055908203,0.14962390065193176
f35a5d38-18e0-4c01-8a53-13fc23a63680,5,thank,0.13725490196078433,0.570815235376358,0.5874855816364288,0.0166703462600708
f5d09877-f461-4169-a291-79c17218071d,2,wedding,0.06493506493506493,0.46269838511943817,0.4658379554748535,0.0031395703554153442
f5d09877-f461-4169-a291-79c17218071d,3,apology,0.027210884353741496,0.4611891657114029,0.4711313545703888,0.009942188858985901
f5d09877-f461-4169-a291-79c17218071d,4,eulogy,0.02564102564102564,0.5147000849246979,0.5150792300701141,0.00037914514541625977
f5d09877-f461-4169-a291-79c17218071d,5,letter,0.012345679012345678,0.6072203516960144,0.606531172990799,-0.0006891787052154541
f7e55f3c-94b2-4e45-b8c2-e0ef967715ae,0,apology,0.05263157894736842,0.6664032936096191,0.6676268875598907,0.0012235939502716064
f7e55f3c-94b2-4e45-b8c2-e0ef967715ae,1,letter,0.1320754716981132,0.6163162291049957,0.6064749658107758,-0.00984126329421997
f7e55f3c-94b2-4e45-b8c2-e0ef967715ae,2,speech,0.0945945945945946,0.6259974837303162,0.6607056856155396,0.03470820188522339
f7e55f3c-94b2-4e45-b8c2-e0ef967715ae,3,condolence,0.11188811188811189,0.7021116316318512,0.7039912641048431,0.0018796324729919434
fd93ee7a-8e03-4ead-8a80-9847e589e01e,0,condolence,0.12,0.6104632019996643,0.6163248717784882,0.0058616697788238525
fd93ee7a-8e03-4ead-8a80-9847e589e01e,1,thank,0.10067114093959731,0.5225181430578232,0.5271943807601929,0.00467623770236969
fd93ee7a-8e03-4ead-8a80-9847e589e01e,2,letter,0.0625,0.520487517118454,0.5318470597267151,0.011359542608261108
fd93ee7a-8e03-4ead-8a80-9847e589e01e,3,speech,0.05228758169934641,0.5292174518108368,0.5392324328422546,0.010014981031417847
fe48cc42-b6f0-41a3-b2a0-0c3a1d733997,0,wedding,0.09090909090909091,0.49142681062221527,0.4543033838272095,-0.0371234267950058
fe48cc42-b6f0-41a3-b2a0-0c3a1d733997,1,apology,0.0,0.5548754334449768,0.5596033781766891,0.004727944731712341
fe48cc42-b6f0-41a3-b2a0-0c3a1d733997,2,speech,0.0,0.5159489065408707,0.5159489065408707,0.0
fe48cc42-b6f0-41a3-b2a0-0c3a1d733997,3,thank,0.0,0.610828161239624,0.610828161239624,0.0
